Datum;SW Temp;IW Temp;SW Feuchte;IW Feuchte;Vereisung VD;Temp 1 Klimakammer;Feuchte 1 Klimakammer;Temp 2 Klimakammer;Feuchte 2 Klimakammer;Mittelwert Feuchte absolut;Hochdruck;Saugdruck;Sauggastemperatur;Heißgastemperatur;Flüssigkeitstemperatur;Ölüberwachung;Sauggastemperatur Verdampfer;Temperatur Verdampfer Eintritt;Temperatur Verdampfer Austritt;SW Hochdruck;SW Hochdruck MAX;SW MOP;SW Nacheinspritzung;SW Min Überhitzung;Regler Temp Heizen;Regler Temp Kühlen;Regler Feuchte Befeuchten;Regler Feuchte Entfeuchten;Regler Hochdruck;Regler Hochdruck MAX;Regler Min Überhitzung;Regler MOP;Regler Nacheinspritzung;Y Lüfter;Y Befeuchter;Y Erhitzer;Y Expansionsventil Verdampfer;Y Heißgasventil;Y Kompressor;Y Verflüssiger;Überhitzung Kompressor;Überhitzung Verdampfer;Unterkühlung
21.2.2024 12:00:52;25;20.166566848754883;15;97.07015228271484;-21.804899215698242;20.249900817871094;94.90280151367188;19.999900817871094;99.23750305175781;14.21196460723877;4.956600189208984;1.3992999792099;30.650100708007812;27.309999465942383;26.10420036315918;138.63999938964844;22.16990089416504;20.010299682617188;20.061899185180664;14;18;1.5;20;4;0.04282074049115181;0;0;0.17511749267578125;46.67710876464844;100;20.187108993530273;50.012794494628906;30.96063804626465;77.5;0;0.04282074049115181;0;100;43;46.67710876464844;51.17477798461914;42.694580078125;-27.148717880249023
21.2.2024 12:01:12;25;20.166566848754883;15;97.033447265625;-16.079999923706055;20.249900817871094;94.86730194091797;19.999900817871094;99.19960021972656;14.206649780273438;8.113100051879883;1.0856000185012817;29.677600860595703;31.427600860595703;26.145200729370117;138.63999938964844;22.125499725341797;20.057600021362305;20.034700393676758;14;18;1.5;20;4;1.46717369556427;0;0;6.008640289306641;0;100;28.53302574157715;52.44740295410156;34.48098373413086;77.5;0;1.4671738147735596;15;83.52384948730469;43;0;53.61348342895508;46.06138229370117;-13.26048755645752
21.2.2024 12:01:32;25;20.166566848754883;15;97.331298828125;-14.895000457763672;20.249900817871094;95.42919921875;19.999900817871094;99.2333984375;14.238639831542969;8.814000129699707;2.2214999198913574;26.117000579833984;39.81209945678711;25.79759979248047;138.63999938964844;21.93199920654297;20.16360092163086;20.080400466918945;14;18;1.5;20;4;2.891505479812622;0;0;11.842151641845703;0;100;23.063051223754883;45.77414321899414;30.005022048950195;77.5;0;2.891505479812622;80.13040924072266;63.969512939453125;43;0;39.117698669433594;34.9302978515625;-10.330744743347168
21.2.2024 12:01:52;25;20.056167602539062;15;87.65899658203125;-15.149399757385254;20.14550018310547;81.11419677734375;19.772899627685547;94.20379638671875;13.183795928955078;9.703800201416016;2.897900104522705;20.966400146484375;45.61280059814453;16.188899993896484;138.63999938964844;21.5669002532959;19.932300567626953;15.985099792480469;14;18;1.5;20;4;4.981407642364502;0;0;17.675662994384766;0;100;19.39859390258789;36.76517105102539;24.955188751220703;77.5;0;4.981407642364502;70.35155487060547;44.40827560424805;43;0;28.807537078857422;29.408035278320312;2.3719558715820312
21.2.2024 12:02:12;25;19.580598831176758;15;71.16764831542969;-14.73550033569336;19.762399673461914;66.03469848632812;19.298900604248047;76.30059814453125;10.39099407196045;10.711799621582031;1.9711999893188477;16.227500915527344;49.639400482177734;21.123699188232422;138.63999938964844;20.679500579833984;18.93589973449707;9.816800117492676;14;18;1.5;20;4;9.236820220947266;0;0;23.509490966796875;0;100;27.95122718811035;37.474544525146484;26.033185958862305;77.5;0;9.236820220947266;60.57904052734375;24.861690521240234;43;0;31.331993103027344;35.7819938659668;0.7180576324462891
21.2.2024 12:02:32;25;18.923433303833008;15;58.01239776611328;-14.651599884033203;19.157100677490234;55.297000885009766;18.750099182128906;60.72779846191406;8.082706451416016;11.476799964904785;1.7488000392913818;12.824600219726562;54.52730178833008;22.631900787353516;138.63999938964844;19.6028995513916;17.685699462890625;6.649700164794922;14;18;1.5;20;4;14.741263389587402;0;0;29.343402862548828;0;100;33.36695861816406;35.63166809082031;28.036304473876953;77.5;0;14.741263389587402;50.813438415527344;5.3319993019104;43;0;29.949092864990234;36.72589111328125;1.5591163635253906
21.2.2024 12:02:52;25;18.3796329498291;15;51.68689727783203;-14.672499656677246;18.560699462890625;49.637699127197266;18.18779945373535;53.73609924316406;6.894261837005615;11.96720027923584;2.0480000972747803;9.06089973449707;58.844200134277344;14.569299697875977;138.63999938964844;18.45560073852539;16.663999557495117;2.9897000789642334;14;18;1.5;20;4;19.550020217895508;0;0;35.17731475830078;0;100;34.28863525390625;31.709815979003906;24.444828033447266;77.5;0;19.550020217895508;41.037841796875;0;43;0;23.512006759643555;32.9049072265625;11.07286262512207
21.2.2024 12:03:12;25;17.823633193969727;15;44.96500015258789;-15.599300384521484;17.919300079345703;43.41239929199219;17.760099411010742;46.517601013183594;5.63026762008667;12.973099708557129;1.8848999738693237;2.888400077819824;61.59120178222656;16.271900177001953;138.63999938964844;17.08139991760254;15.524800300598145;0.18029999732971191;14;18;1.5;20;4;24.650596618652344;0;0;38.47346496582031;0;100;38.132232666015625;30.16463851928711;22.485933303833008;77.5;0;24.650596618652344;31.26375961303711;0;43;0;18.767921447753906;32.955223083496094;12.229522705078125
21.2.2024 12:03:32;25;17.13249969482422;15;39.134246826171875;-15.04640007019043;17.2106990814209;38.14099884033203;17.088600158691406;40.127498626708984;4.707126140594482;13.901900291442871;0.9979000091552734;-3.734299898147583;63.94219970703125;14.321999549865723;138.63999938964844;15.674599647521973;14.40410041809082;-1.3194999694824219;14;18;1.5;20;4;30.91551399230957;0;0;25.176746368408203;0.9615494012832642;100;48.41743469238281;36.2647819519043;22.770584106445312;77.5;0;30.915515899658203;21.491697311401367;0.02500000037252903;43;0.9615494012832642;21.21025848388672;40.61845779418945;16.683298110961914
21.2.2024 12:03:52;25;16.446800231933594;15;38.189849853515625;-15.75100040435791;16.5177001953125;37.76129913330078;16.43199920654297;38.61840057373047;4.446160793304443;14.289299964904785;0.1111999973654747;-5.2754998207092285;65.82160186767578;12.653599739074707;138.63999938964844;14.775699615478516;13.662699699401855;0.47780001163482666;14;18;1.5;20;4;37.00101089477539;0;0;23.65375518798828;5.851360321044922;100;64.12651062011719;46.497249603271484;31.98924446105957;77.5;0;37.00101089477539;19.02236557006836;19.55284309387207;43;5.851360321044922;32.745452880859375;52.796653747558594;19.364521026611328
21.2.2024 12:04:12;25;15.853899955749512;15;42.491451263427734;-13.314000129699707;15.836799621582031;42.673301696777344;15.898300170898438;42.309600830078125;4.837808609008789;13.937700271606445;0.8479999899864197;-8.718999862670898;68.34400177001953;10.703499794006348;138.63999938964844;14.415900230407715;13.574199676513672;3.47979998588562;14;18;1.5;20;4;42.93421936035156;0;0;33.831478118896484;5.477269172668457;100;60.76852035522461;47.65382766723633;26.01215934753418;77.5;0;42.93421936035156;25.23693084716797;30.425884246826172;43;5.477269172668457;18.091320037841797;41.21862030029297;20.395706176757812
21.2.2024 12:04:32;25;15.491766929626465;15;43.83014678955078;-15.506999969482422;15.36359977722168;43.10599899291992;15.513299942016602;44.554298400878906;4.938572406768799;13.788000106811523;1.2422000169754028;-17.447399139404297;71.18769836425781;5.084400177001953;138.63999938964844;13.917799949645996;13.582799911499023;1.8486000299453735;14;18;1.5;20;4;47.72369384765625;0;0;39.982666015625;2.912569046020508;100;61.2366828918457;48.766998291015625;16.190092086791992;77.5;0;47.723690032958984;29.998876571655273;10.8582181930542;43;2.912569046020508;4.745584487915039;36.10918426513672;25.615760803222656
21.2.2024 12:04:52;25;15.135200500488281;15;42.05335235595703;-15.820699691772461;14.84630012512207;41.15650177001953;15.156700134277344;42.950199127197266;4.563443660736084;14.130900382995605;1.3295999765396118;-18.330900192260742;72.98919677734375;4.55019998550415;138.63999938964844;13.263400077819824;13.247599601745605;-2.122299909591675;14;18;1.5;20;4;52.56572723388672;0;0;36.951416015625;2.895613193511963;100;64.10961151123047;49.7918586730957;14.22089672088623;77.5;0;52.56572723388672;28.644609451293945;0;43;2.895613193511963;2.9233856201171875;34.51768493652344;27.05670738220215
21.2.2024 12:05:12;25;14.758700370788574;15;38.47820281982422;-14.863100051879883;14.38949966430664;38.081600189208984;14.814499855041504;38.87480163574219;3.989053726196289;14.360899925231934;1.0322999954223633;-17.772899627685547;74.39620208740234;14.781800270080566;138.63999938964844;12.540800094604492;12.73449993133545;-4.154099941253662;14;18;1.5;20;4;57.64360046386719;0;0;29.327064514160156;8.442378997802734;100;70.37584686279297;53.01305389404297;16.25408935546875;77.5;0;57.64360046386719;25.504486083984375;0;43;8.442378997802734;6.78443717956543;37.09813690185547;17.42104721069336
21.2.2024 12:05:32;25;14.361100196838379;15;36.391998291015625;-15.506400108337402;13.925399780273438;36.13719940185547;14.425299644470215;36.64680099487305;3.6982593536376953;14.067899703979492;0.659600019454956;-17.091400146484375;76.052001953125;19.223100662231445;138.63999938964844;11.899399757385254;12.300600051879883;-4.7941999435424805;14;18;1.5;20;4;62.99029541015625;0;0;25.897022247314453;9.442142486572266;100;78.31114959716797;59.905357360839844;18.717235565185547;77.5;0;62.990291595458984;25.312646865844727;16.71391487121582;43;9.442142486572266;12.179594039916992;41.17139434814453;12.246734619140625
21.2.2024 12:05:52;25;14.02856731414795;15;36.663700103759766;-15.1673002243042;13.53030014038086;36.6510009765625;14.093999862670898;36.67639923095703;3.6822478771209717;13.800999641418457;0.8565999865531921;-17.45439910888672;77.10749816894531;20.122400283813477;138.63999938964844;11.439299583435059;12.188199996948242;-3.9203999042510986;14;18;1.5;20;4;67.97335815429688;0;0;27.129257202148438;6.704777240753174;100;80.66670989990234;62.738868713378906;17.588354110717773;77.5;0;67.97335815429688;27.3773250579834;17.21912384033203;43;6.704777240753174;9.236467361450195;38.12866973876953;10.615360260009766
21.2.2024 12:06:12;25;13.807000160217285;15;37.27145004272461;-15.070799827575684;13.211099624633789;37.21860122680664;13.88010025024414;37.32429885864258;3.7038419246673584;13.554699897766113;1.0125000476837158;-20.113800048828125;76.92169952392578;9.459199905395508;138.63999938964844;11.045999526977539;12.258099555969238;-4.614099979400635;14;18;1.5;20;4;72.44623565673828;0;0;29.08614730834961;1.718196988105774;100;83.27874755859375;64.71818542480469;14.854272842407227;77.5;0;72.44623565673828;29.813884735107422;1.315337896347046;43;1.718196988105774;4.680681228637695;35.839881896972656;20.61690330505371
21.2.2024 12:06:32;25;13.657299995422363;15;36.566650390625;-14.049099922180176;12.98289966583252;36.73849868774414;13.699399948120117;36.394798278808594;3.534412145614624;14.038599967956543;1.277899980545044;-20.035900115966797;76.49299621582031;2.016700029373169;138.63999938964844;10.677800178527832;12.236700057983398;-6.275000095367432;14;18;1.5;20;4;76.65324401855469;0;0;27.48050308227539;1.8859566450119019;100;84.54823303222656;65.60210418701172;12.051090240478516;77.5;0;76.65324401855469;28.791091918945312;0;43;1.8859565258026123;1.7680778503417969;32.482479095458984;29.347553253173828
21.2.2024 12:06:52;25;13.505332946777344;15;34.03849792480469;-14.075200080871582;12.814499855041504;34.2775993347168;13.56980037689209;33.799400329589844;3.1953306198120117;14.283900260925293;1.1294000148773193;-18.99250030517578;76.9032974243164;2.1054999828338623;138.63999938964844;10.270099639892578;12.088800430297852;-6.862100124359131;14;18;1.5;20;4;80.79266357421875;0;0;22.28026580810547;6.533965587615967;100;89.3463363647461;68.62159729003906;12.634801864624023;77.5;0;80.79266357421875;25.250085830688477;0;43;6.533965587615967;4.442207336425781;33.70560836791992;29.900331497192383
21.2.2024 12:07:12;25;13.305099487304688;15;31.88574981689453;-14.445699691772461;12.643199920654297;32.21689987182617;13.380000114440918;31.55459976196289;2.957137107849121;14.103699684143066;0.6570000052452087;-18.646299362182617;77.58110046386719;6.099400043487549;138.63999938964844;9.82610034942627;11.904399871826172;-7.218400001525879;14;18;1.5;20;4;85.35617065429688;0;0;18.28750228881836;7.858808517456055;100;97.95195770263672;75.15858459472656;16.012475967407227;77.5;0;85.35617065429688;23.328933715820312;13.628599166870117;43;7.858808517456055;10.659049987792969;39.13214874267578;25.425498962402344
21.2.2024 12:07:32;25;13.202499389648438;15;31.577199935913086;-15.750300407409668;12.541600227355957;31.983699798583984;13.253000259399414;31.170700073242188;2.961721658706665;13.878000259399414;0.7056000232696533;-17.371200561523438;77.70020294189453;7.230500221252441;138.63999938964844;9.513299942016602;12.0068998336792;-6.059100151062012;14;18;1.5;20;4;89.39215087890625;0;0;18.403640747070312;6.593116760253906;100;100;79.50660705566406;16.6746768951416;77.5;0;89.39215087890625;24.52837562561035;24.503658294677734;43;6.593116283416748;11.272079467773438;38.15727996826172;23.712482452392578
21.2.2024 12:07:52;25;13.185866355895996;15;32.96295166015625;-13.968000411987305;12.500100135803223;33.19260025024414;13.188899993896484;32.733299255371094;3.0987212657928467;13.684900283813477;0.8567000031471252;-19.20870018005371;78.03700256347656;3.6029000282287598;138.63999938964844;9.33650016784668;12.37440013885498;-5.336599826812744;14;18;1.5;20;4;92.92357635498047;0;0;21.108322143554688;2.59419322013855;100;100;82.58674621582031;14.644436836242676;77.5;0;92.92357635498047;28.396085739135742;12.157341003417969;43;2.59419322013855;7.479108810424805;36.02430725097656;26.829137802124023
21.2.2024 12:08:12;25;13.286033630371094;15;32.71855163574219;-15.64109992980957;12.562399864196777;32.93790054321289;13.249899864196777;32.49919891357422;3.074995756149292;13.832500457763672;1.1588000059127808;-20.63409996032715;79.08519744873047;-0.2921000123023987;138.63999938964844;9.236100196838379;12.715399742126465;-7.0106000900268555;14;18;1.5;20;4;95.81694030761719;0;0;21.17132568359375;0.19465166330337524;100;99.85716247558594;83.66650390625;11.260917663574219;77.5;0;95.81694030761719;28.79248809814453;0;43;0.19465166330337524;2.4747447967529297;32.34494400024414;31.11707878112793
21.2.2024 12:08:32;25;13.393900871276855;15;30.992050170898438;-15.03279972076416;12.684800148010254;31.29210090637207;13.372200012207031;30.691999435424805;2.88262677192688;14.37720012664795;1.15910005569458;-19.875200271606445;79.88710021972656;9.881999969482422;138.63999938964844;9.149700164794922;12.901100158691406;-7.500699996948242;14;18;1.5;20;4;98.65863037109375;0;0;17.750614166259766;5.762236595153809;100;100;85.9736328125;10.65230941772461;77.5;0;98.65863037109375;25.66765022277832;0;43;5.76223611831665;3.2271385192871094;32.2530403137207;22.369068145751953
21.2.2024 12:08:52;25;13.470466613769531;15;29.11775016784668;-14.263999938964844;12.787199974060059;29.387100219726562;13.437000274658203;28.848400115966797;2.7216899394989014;14.162300109863281;0.6690999865531921;-19.211299896240234;80.6875;16.94849967956543;138.63999938964844;9.004799842834473;13.008999824523926;-7.369900226593018;14;18;1.5;20;4;100;0;0;14.601676940917969;7.904748916625977;100;100;92.9303970336914;13.783214569091797;77.5;0;100;23.341875076293945;13.376944541931152;43;7.904748916625977;9.926301956176758;38.142799377441406;14.742942810058594
21.2.2024 12:09:12;25;13.5986328125;15;29.673900604248047;-14.495599746704102;12.923299789428711;30.255399703979492;13.558099746704102;29.09239959716797;2.836277961730957;13.824899673461914;0.6789000034332275;-18.014999389648438;81.11000061035156;19.9281005859375;138.63999938964844;8.930899620056152;13.383000373840332;-4.987599849700928;14;18;1.5;20;4;99.99398040771484;0;0;16.296245574951172;5.797331809997559;100;100;97.53752136230469;15.160199165344238;77.5;0;99.99398803710938;26.32182502746582;26.783018112182617;43;5.7973313331604;10.995302200317383;37.94200134277344;10.875999450683594
21.2.2024 12:09:32;25;13.882933616638184;15;31.261550903320312;-14.904999732971191;13.208100318908691;31.661699295043945;13.80109977722168;30.861400604248047;3.054682731628418;13.615500450134277;1.1477999687194824;-17.410200119018555;80.5790023803711;11.577899932861328;138.63999938964844;9.023300170898438;14.040900230407715;-4.042099952697754;14;18;1.5;20;4;100;0;0;20.357044219970703;1.035975694656372;100;100;97.77692413330078;12.825895309448242;77.5;0;100;31.980913162231445;7.7412848472595215;43;1.035975694656372;5.82647705078125;32.2587776184082;18.659950256347656
21.2.2024 12:09:52;25;14.22179889678955;15;30.694149017333984;-15.120699882507324;13.530099868774414;30.927900314331055;14.097700119018555;30.460399627685547;3.0218074321746826;14.340299606323242;1.541100025177002;-18.096799850463867;80.2863998413086;4.0015997886657715;138.63999938964844;9.267399787902832;14.528400421142578;-5.330599784851074;14;18;1.5;20;4;100;0;0;20.058265686035156;4.622826099395752;100;99.66910552978516;96.67472839355469;8.52983570098877;77.5;0;100;31.269086837768555;0;43;4.622826099395752;1.0043869018554688;28.36908721923828;28.153139114379883
21.2.2024 12:10:12;25;14.509200096130371;15;28.146350860595703;-15.926600456237793;13.858099937438965;28.491100311279297;14.371999740600586;27.801599502563477;2.759960174560547;14.316399574279785;1.325700044631958;-16.61669921875;79.98429870605469;16.664199829101562;138.63999938964844;9.437999725341797;14.695899963378906;-5.759099960327148;14;18;1.5;20;4;100;0;0;15.593238830566406;9.19063949584961;100;100;98.77133178710938;9.188271522521973;77.5;0;100;26.377178192138672;0;43;9.19063949584961;4.6720733642578125;30.727872848510742;15.429019927978516
21.2.2024 12:10:32;25;14.70086669921875;15;26.347000122070312;-14.538200378417969;14.114399909973145;26.73859977722168;14.613900184631348;25.955400466918945;2.6284737586975098;13.936599731445312;0.5857999920845032;-14.4891996383667;80.12300109863281;22.098100662231445;138.63999938964844;9.363499641418457;14.765199661254883;-5.317299842834473;14;18;1.5;20;4;100;0;0;12.494956970214844;8.591115951538086;100;100;100;16.63527488708496;77.5;0;100;21.957443237304688;9.633997917175293;43;8.591115951538086;15.810942649841309;39.66484069824219;9.00201416015625
21.2.2024 12:10:52;25;14.931533813476562;15;27.552398681640625;-15.247200012207031;14.407099723815918;28.185400009155273;14.848299980163574;26.91939926147461;2.8458545207977295;13.702300071716309;0.5809000134468079;-13.455699920654297;80.32029724121094;24.328800201416016;138.63999938964844;9.359100341796875;15.227700233459473;-1.43340003490448;14;18;1.5;20;4;100;0;0;16.01123046875;4.629768371582031;100;100;100;17.67782211303711;77.5;0;100;26.721424102783203;29.168682098388672;43;4.629768371582031;16.917911529541016;39.73271179199219;6.149637222290039
21.2.2024 12:11:12;25;15.323233604431152;15;29.44179916381836;-15.62279987335205;14.798999786376953;29.673200607299805;15.171899795532227;29.210399627685547;3.1718461513519287;13.66100025177002;1.297700047492981;-12.821999549865723;79.96260070800781;15.623800277709961;138.63999938964844;9.587200164794922;16.018400192260742;-0.9666000008583069;14;18;1.5;20;4;99.88666534423828;0;0;22.087127685546875;0.27391165494918823;100;100;98.76221466064453;13.12125301361084;77.5;0;99.88667297363281;34.078826904296875;11.881996154785156;43;0.27391165494918823;8.769779205322266;31.179279327392578;14.732263565063477
21.2.2024 12:11:32;25;15.81796646118164;15;28.974449157714844;-14.020899772644043;15.263899803161621;29.301799774169922;15.63700008392334;28.6471004486084;3.152362585067749;14.42490005493164;1.8544000387191772;-13.875;79.97470092773438;12.846500396728516;138.63999938964844;10.068599700927734;16.610000610351562;-2.876199960708618;14;18;1.5;20;4;99.80481719970703;0;0;22.293476104736328;5.653432846069336;100;99.6948471069336;95.16140747070312;8.527814865112305;77.5;0;99.80481719970703;33.74706268310547;0;43;5.653432846069336;2.276979446411133;26.21977996826172;19.53093719482422
21.2.2024 12:11:52;25;16.167665481567383;15;26.658550262451172;-14.402099609375;15.657699584960938;26.83989906311035;15.973699569702148;26.47719955444336;2.923248291015625;14.228500366210938;1.6708999872207642;-13.159099578857422;79.04669952392578;24.19099998474121;138.63999938964844;10.40880012512207;16.730199813842773;-3.7569000720977783;14;18;1.5;20;4;100;0;0;18.422565460205078;8.779951095581055;100;100;95.29191589355469;8.89423942565918;77.5;0;100;28.762983322143555;0;43;8.779951095581055;4.680059432983398;28.248859405517578;7.673013687133789
21.2.2024 12:12:12;25;16.39586639404297;15;24.718849182128906;-15.549599647521973;15.940199851989746;24.940200805664062;16.247900009155273;24.497499465942383;2.759291410446167;13.917099952697754;0.9426000118255615;-11.158599853515625;78.8041000366211;27.40089988708496;138.63999938964844;10.402799606323242;16.698200225830078;-4.020500183105469;14;18;1.5;20;4;99.9994125366211;0;0;15.279239654541016;7.72218132019043;100;100;100;14.877388954162598;77.5;0;99.9994125366211;26.016794204711914;4.716670513153076;43;7.72218132019043;14.465555191040039;36.02815246582031;3.647153854370117
21.2.2024 12:12:32;25;16.694499969482422;15;25.007699966430664;-14.25730037689209;16.30229949951172;25.384899139404297;16.549400329589844;24.63050079345703;2.912161111831665;13.797699928283691;0.7749000191688538;-9.90719985961914;79.83380126953125;28.664400100708008;138.63999938964844;10.451700210571289;17.05389976501465;-2.372299909591675;14;18;1.5;20;4;99.79347229003906;0;0;17.82086181640625;5.084187984466553;100;100;100;17.18283462524414;77.5;0;99.7934799194336;28.948944091796875;18.758333206176758;43;5.084187984466553;17.823932647705078;38.183231353759766;2.0671119689941406
21.2.2024 12:12:52;25;17.03253173828125;15;26.161399841308594;-14.658699989318848;16.612899780273438;26.361799240112305;16.87150001525879;25.961000442504883;3.137815237045288;13.798800468444824;1.4032000303268433;-9.212400436401367;79.9218978881836;17.127500534057617;138.63999938964844;10.719400405883789;17.69930076599121;-1.8098000288009644;14;18;1.5;20;4;100;0;0;22.128765106201172;2.368757486343384;100;100;98.39472961425781;13.859631538391113;77.5;0;100;34.52442932128906;0.024455765262246132;43;2.368757486343384;11.272514343261719;31.204315185546875;13.607133865356445
21.2.2024 12:13:12;25;17.477733612060547;15;25.955049514770508;-15.073200225830078;17.094600677490234;26.17099952697754;17.24169921875;25.739099502563477;3.120868682861328;14.258899688720703;1.8581000566482544;-9.25570011138916;79.16909790039062;8.034000396728516;138.63999938964844;11.218199729919434;18.21649932861328;-2.753999948501587;14;18;1.5;20;4;99.69880676269531;0;0;22.308448791503906;5.186931133270264;100;100;95.16766357421875;11.022027969360352;77.5;0;99.69880676269531;34.1338996887207;0;43;5.186931133270264;6.860610008239746;27.334510803222656;23.905364990234375
21.2.2024 12:13:32;25;17.80223274230957;15;23.79315185546875;-14.171799659729004;17.48080062866211;23.911500930786133;17.552600860595703;23.674800872802734;2.8951709270477295;14.428199768066406;1.7704999446868896;-10.66819953918457;78.51380157470703;19.14109992980957;138.63999938964844;11.575799942016602;18.266399383544922;-3.2581000328063965;14;18;1.5;20;4;99.92583465576172;0;0;18.4520263671875;10.762993812561035;100;100;94.1014404296875;9.746468544006348;77.5;0;99.92582702636719;28.54131507873535;0;43;10.762994766235352;6.241912841796875;28.485713958740234;13.24180793762207
21.2.2024 12:13:52;25;17.9852352142334;15;22.32324981689453;-15.819899559020996;17.706899642944336;22.53569984436035;17.74920082092285;22.11079978942871;2.737055778503418;14.105899810791016;0.9679999947547913;-10.064800262451172;78.19979858398438;25.30299949645996;138.63999938964844;11.545999526977539;18.17329978942871;-3.319200038909912;14;18;1.5;20;4;100;0;0;15.365970611572266;12.059789657592773;100;100;99.89289855957031;14.079572677612305;77.5;0;100;25.830305099487305;0.5413351655006409;43;12.059789657592773;15.245076179504395;36.856773376464844;6.240427017211914
21.2.2024 12:14:12;25;18.16896629333496;15;22.693349838256836;-14.850000381469727;17.8966007232666;22.910200119018555;17.992599487304688;22.476499557495117;2.9093921184539795;13.77280044555664;0.9434000253677368;-8.728599548339844;77.71060180664062;22.396299362182617;138.63999938964844;11.525899887084961;18.428499221801758;-1.9565999507904053;14;18;1.5;20;4;99.9237060546875;0;0;18.229602813720703;9.722293853759766;100;100;99.74246215820312;16.974952697753906;77.5;0;99.92371368408203;29.223896026611328;13.440040588378906;43;9.722293853759766;16.892623901367188;37.147621154785156;8.317996978759766
21.2.2024 12:14:32;25;18.472599029541016;15;23.534950256347656;-14.18690013885498;18.232799530029297;23.58329963684082;18.24519920349121;23.486600875854492;3.1080830097198486;13.573100090026855;1.419100046157837;-8.095100402832031;77.49649810791016;10.05109977722168;138.63999938964844;11.771100044250488;18.997100830078125;-2.0427000522613525;14;18;1.5;20;4;99.91214752197266;0;0;22.00493621826172;4.326845169067383;100;100;98.30760955810547;14.312348365783691;77.5;0;99.91214752197266;34.33182907104492;0;43;4.326845169067383;12.230388641357422;32.09668731689453;20.07564926147461
21.2.2024 12:14:52;25;18.84516716003418;15;23.288150787353516;-14.714400291442871;18.584800720214844;23.413400650024414;18.613399505615234;23.162900924682617;3.0545732975006104;14.019100189208984;1.791599988937378;-7.663700103759766;78.13009643554688;12.54640007019043;138.63999938964844;12.226699829101562;19.42259979248047;-2.668600082397461;14;18;1.5;20;4;99.64933776855469;0;0;21.387176513671875;2.800609588623047;100;100;95.3182601928711;12.086526870727539;77.5;0;99.64933776855469;32.59503936767578;0;43;2.800609827041626;9.057506561279297;28.947307586669922;18.779144287109375
21.2.2024 12:15:12;25;19.094133377075195;15;21.859901428222656;-14.654999732971191;18.87310028076172;21.984800338745117;18.873199462890625;21.735000610351562;2.8645708560943604;14.312100410461426;1.5128999948501587;-8.825499534606934;78.26010131835938;24.170000076293945;138.63999938964844;12.519800186157227;19.46299934387207;-2.8461999893188477;14;18;1.5;20;4;99.91595458984375;0;0;18.056018829345703;8.383224487304688;100;100;95.59109497070312;12.598954200744629;77.5;0;99.91595458984375;28.807172775268555;0;43;8.383224487304688;10.553117752075195;31.897817611694336;7.910636901855469
21.2.2024 12:15:32;25;19.288801193237305;15;21.076099395751953;-15.982399940490723;19.120800018310547;21.211200714111328;19.12070083618164;20.94099998474121;2.838494062423706;14.103699684143066;1.0872999429702759;-8.050399780273438;79.06060028076172;27.851499557495117;138.63999938964844;12.573699951171875;19.50160026550293;-2.6454999446868896;14;18;1.5;20;4;100;0;0;17.431346893310547;9.293981552124023;100;100;100;15.742587089538574;77.5;0;100;28.656827926635742;0;43;9.293981552124023;15.861505508422852;36.486305236816406;3.6858997344970703
21.2.2024 12:15:52;25;19.528532028198242;15;21.569049835205078;-15.602999687194824;19.372400283813477;21.835599899291992;19.372299194335938;21.302499771118164;3.0096523761749268;13.872599601745605;1.1805000305175781;-7.170100212097168;79.77040100097656;25.927000045776367;138.63999938964844;12.714699745178223;19.885700225830078;-0.9778000116348267;14;18;1.5;20;4;99.96151733398438;0;0;20.52281951904297;8.02204418182373;100;100;99.11822509765625;16.61272621154785;77.5;0;99.96151733398438;32.59387969970703;0;43;8.02204418182373;15.704970359802246;35.59007263183594;5.064167022705078
21.2.2024 12:16:12;25;19.84943389892578;15;22.15114974975586;-16.023300170898438;19.662599563598633;22.29640007019043;19.659299850463867;22.00589942932129;3.1313953399658203;13.866100311279297;1.7696000337600708;-6.575699806213379;79.29440307617188;11.21969985961914;138.63999938964844;13.07229995727539;20.377700805664062;-1.7067999839782715;14;18;1.5;20;4;99.4092788696289;0;0;23.066455841064453;5.70594596862793;100;100;96.069580078125;13.309847831726074;77.5;0;99.4092788696289;35.00932312011719;0;43;5.70594596862793;10.347917556762695;29.99591827392578;19.687345504760742
21.2.2024 12:16:32;25;20.156166076660156;15;21.572750091552734;-14.723699569702148;19.985599517822266;21.7268009185791;19.984100341796875;21.418699264526367;3.049152374267578;14.294699668884277;1.9688999652862549;-6.803599834442139;78.34300231933594;10.178799629211426;138.63999938964844;13.500100135803223;20.555500030517578;-2.081399917602539;14;18;1.5;20;4;99.32667541503906;0;0;21.968460083007812;9.623542785644531;100;100;93.09912109375;11.780994415283203;77.5;0;99.3266830444336;32.64860153198242;0;43;9.623542785644531;8.331106185913086;28.633304595947266;21.85700798034668
21.2.2024 12:16:52;25;20.361801147460938;15;20.033300399780273;-15.268500328063965;20.247600555419922;20.190200805664062;20.212900161743164;19.876399993896484;2.8584158420562744;14.215499877929688;1.642899990081787;-7.793700218200684;77.59709930419922;17.177900314331055;138.63999938964844;13.613300323486328;20.391700744628906;-2.3742001056671143;14;18;1.5;20;4;99.55968475341797;0;0;18.582813262939453;12.172202110290527;100;100;93.32002258300781;12.182180404663086;77.5;0;99.55968475341797;28.446208953857422;0;43;12.172202110290527;10.318215370178223;31.725215911865234;14.64903450012207
21.2.2024 12:17:12;25;20.447933197021484;15;19.321151733398438;-13.797599792480469;20.41320037841797;19.500600814819336;20.302400588989258;19.141700744628906;2.7945449352264404;14.093999862670898;1.125499963760376;-6.265999794006348;77.09529876708984;17.50480079650879;138.63999938964844;13.487899780273438;20.332199096679688;-2.484100103378296;14;18;1.5;20;4;99.93402099609375;0;0;17.21337127685547;13.502429008483887;100;100;96.07701110839844;16.709272384643555;77.5;0;99.93402099609375;27.396320343017578;0;43;13.502429008483887;17.220096588134766;36.974796295166016;14.003973007202148
21.2.2024 12:17:32;25;20.630767822265625;15;19.40489959716797;-15.277600288391113;20.571199417114258;19.50950050354004;20.4960994720459;19.30030059814453;2.9091904163360596;13.716400146484375;1.1913000345230103;-5.4405999183654785;76.33429718017578;12.02239990234375;138.63999938964844;13.49470043182373;20.612699508666992;-3.041100025177002;14;18;1.5;20;4;99.74635314941406;0;0;19.139022827148438;10.264130592346191;100;100;98.37831115722656;17.336050033569336;77.5;0;99.7463607788086;30.530994415283203;0;43;10.264130592346191;17.302330017089844;36.237831115722656;18.489669799804688
21.2.2024 12:17:52;25;20.85179901123047;15;19.863998413085938;-14.721699714660645;20.747600555419922;19.968599319458008;20.714599609375;19.7593994140625;2.97379994392395;13.585100173950195;1.549299955368042;-5.154300212860107;77.15380096435547;6.884300231933594;138.63999938964844;13.726799964904785;21.025999069213867;-3.1110999584198;14;18;1.5;20;4;99.57884216308594;0;0;20.698558807373047;5.265031814575195;100;100;96.72535705566406;15.620875358581543;77.5;0;99.5788345336914;32.12261199951172;0;43;5.265031814575195;13.865824699401855;32.746925354003906;23.279630661010742
21.2.2024 12:18:12;25;21.075899124145508;15;19.491451263427734;-14.0108003616333;20.99850082397461;19.61240005493164;20.87350082397461;19.370500564575195;2.917799711227417;13.955100059509277;1.6216000318527222;-5.05049991607666;78.24659729003906;15.548299789428711;138.63999938964844;14.047300338745117;21.26650047302246;-2.5933001041412354;14;18;1.5;20;4;99.55846405029297;0;0;19.471988677978516;3.34377384185791;100;100;96.19708251953125;15.099126815795898;77.5;0;99.55846405029297;30.368408203125;0;43;3.34377384185791;13.26172924041748;32.35932922363281;15.607646942138672
21.2.2024 12:18:32;25;21.2890682220459;15;18.94005012512207;-15.571900367736816;21.246599197387695;19.06529998779297;21.121400833129883;18.814800262451172;2.8632423877716064;14.215499877929688;1.3680000305175781;-5.247000217437744;79.11360168457031;24.921899795532227;138.63999938964844;14.246600151062012;21.297700881958008;-2.227400064468384;14;18;1.5;20;4;99.50305938720703;0;0;18.43014907836914;7.0060343742370605;100;100;97.4884033203125;16.825159072875977;77.5;0;99.50305938720703;29.351072311401367;0;43;7.0060343742370605;15.60531997680664;35.09891891479492;6.905035018920898
21.2.2024 12:18:52;25;21.482797622680664;15;18.971450805664062;-15.396900177001953;21.468299865722656;19.187400817871094;21.342100143432617;18.75550079345703;2.9622929096221924;14.16670036315918;1.2384999990463257;-5.343599796295166;79.94120025634766;27.204700469970703;138.63999938964844;14.40410041809082;21.533199310302734;-1.8736000061035156;14;18;1.5;20;4;99.37284851074219;0;0;20.018680572509766;8.912485122680664;100;100;99.41969299316406;17.93584442138672;77.5;0;99.37284851074219;31.71358299255371;0;43;8.912485122680664;16.89285659790039;36.64045715332031;4.492698669433594
21.2.2024 12:19:12;25;21.73436737060547;15;19.458250045776367;-14.874199867248535;21.729999542236328;19.535999298095703;21.54490089416504;19.38050079345703;3.0944550037384033;14.05270004272461;1.6663999557495117;-5.4496002197265625;79.98529815673828;15.925399780273438;138.63999938964844;14.689299583435059;21.89620018005371;-2.0929999351501465;14;18;1.5;20;4;98.91812896728516;0;0;22.769927978515625;9.26292610168457;100;100;97.17546081542969;15.576300621032715;77.5;0;98.91812133789062;34.98326110839844;0;43;9.26292610168457;12.441313743591309;32.5797119140625;15.46993637084961
21.2.2024 12:19:32;25;22.017135620117188;15;19.406200408935547;-15.4375;21.987300872802734;19.560699462890625;21.825700759887695;19.251699447631836;3.0848753452301025;14.059200286865234;1.9424999952316284;-8.554100036621094;79.16549682617188;9.93809986114502;138.63999938964844;15.066900253295898;22.17729949951172;-1.8518999814987183;14;18;1.5;20;4;98.35191345214844;0;0;22.96686553955078;9.828079223632812;100;100;93.71479034423828;12.139802932739258;77.5;0;98.35191345214844;34.10715103149414;0;43;9.828079223632812;6.811135292053223;30.43213653564453;21.481639862060547
21.2.2024 12:19:52;25;22.20490074157715;15;18.317399978637695;-15.571800231933594;22.242000579833984;18.29129981994629;21.997800827026367;18.3435001373291;2.920933485031128;14.122200012207031;1.8142000436782837;-8.665300369262695;78.02130126953125;14.171899795532227;138.63999938964844;15.247900009155273;22.0762996673584;-1.8899999856948853;14;18;1.5;20;4;98.21295928955078;0;0;20.21155548095703;11.755247116088867;100;100;92.14789581298828;11.899958610534668;77.5;0;98.21295928955078;30.929855346679688;0;43;11.75524616241455;7.845403671264648;31.760103225708008;17.414958953857422
21.2.2024 12:20:13;25;22.29133415222168;15;17.692150115966797;-13.585100173950195;22.37420082092285;17.799400329589844;22.124900817871094;17.58489990234375;2.839205026626587;13.956199645996094;1.4718999862670898;-6.288899898529053;77.17980194091797;15.051300048828125;138.63999938964844;15.123299598693848;21.941299438476562;-2.171999931335449;14;18;1.5;20;4;98.58885955810547;0;0;18.65182876586914;11.139660835266113;100;100;93.1985855102539;15.172684669494629;77.5;0;98.58885955810547;28.500926971435547;0;43;11.139660835266113;13.495668411254883;34.908966064453125;16.09703826904297
21.2.2024 12:20:33;25;22.374300003051758;15;17.377599716186523;-13.562899589538574;22.49810028076172;17.42140007019043;22.249900817871094;17.333799362182617;2.8652517795562744;13.808600425720215;1.2222000360488892;-4.886899948120117;76.05809783935547;11.160599708557129;138.63999938964844;15.028900146484375;21.996000289916992;-2.4914000034332275;14;18;1.5;20;4;98.91027069091797;0;0;18.974491119384766;9.052322387695312;100;100;95.68101501464844;17.78022575378418;77.5;0;98.91027069091797;29.543825149536133;0;43;9.052322387695312;17.5179500579834;37.43424987792969;19.59994125366211
21.2.2024 12:20:53;25;22.498367309570312;15;17.513999938964844;-13.961999893188477;22.6205997467041;17.550399780273438;22.37470054626465;17.47760009765625;2.921293020248413;13.755399703979492;1.4485000371932983;-4.144800186157227;76.70899963378906;7.842199802398682;138.63999938964844;15.112899780273438;22.255399703979492;-2.660599946975708;14;18;1.5;20;4;98.9682846069336;0;0;19.954326629638672;5.846346855163574;100;100;95.00131225585938;17.4238224029541;77.5;0;98.9682846069336;30.655935287475586;0;43;5.846346855163574;15.880975723266602;35.138675689697266;22.777210235595703
21.2.2024 12:21:13;25;22.693466186523438;15;17.509449005126953;-13.035599708557129;22.749300003051758;17.603599548339844;22.583999633789062;17.415300369262695;2.9229278564453125;13.901900291442871;1.5893000364303589;-3.9079999923706055;78.2761001586914;8.679800033569336;138.63999938964844;15.326000213623047;22.470199584960938;-2.4165000915527344;14;18;1.5;20;4;98.54623413085938;0;0;20.00603485107422;4.585028648376465;100;100;93.74869537353516;17.386064529418945;77.5;0;98.54623413085938;30.364421844482422;0;43;4.585028648376465;14.719256401062012;33.95325469970703;22.327198028564453
21.2.2024 12:21:33;25;22.885435104370117;15;17.069549560546875;-13.068400382995605;22.99340057373047;17.17690086364746;22.749500274658203;16.962200164794922;2.866238832473755;14.148200035095215;1.4089000225067139;-4.046999931335449;79.4375;18.16790008544922;138.63999938964844;15.5423002243042;22.653200149536133;-1.9572999477386475;14;18;1.5;20;4;98.07592010498047;0;0;18.93474578857422;6.7068986892700195;100;100;95.40144348144531;17.951190948486328;77.5;0;98.07592010498047;29.453262329101562;0;43;6.7068986892700195;16.38145637512207;35.970455169677734;13.484039306640625
21.2.2024 12:21:53;25;23.036767959594727;15;17.04775047302246;-13.487799644470215;23.12470054626465;17.22330093383789;22.874900817871094;16.87220001220703;2.9105749130249023;14.124300003051758;1.3238999843597412;-4.770299911499023;80.06079864501953;21.710100173950195;138.63999938964844;15.70419979095459;22.789600372314453;-1.9193999767303467;14;18;1.5;20;4;97.90126037597656;0;0;19.664813995361328;8.411542892456055;100;100;96.41439056396484;18.48990249633789;77.5;0;97.90126037597656;30.68067169189453;0;43;8.411542892456055;16.54175567626953;37.015953063964844;9.878625869750977
21.2.2024 12:22:13;25;23.273767471313477;15;17.28675079345703;-11.607399940490723;23.365299224853516;17.413400650024414;23.114999771118164;17.16010093688965;3.0190303325653076;14.122200012207031;1.5773999691009521;-5.430200099945068;80.02580261230469;14.670000076293945;138.63999938964844;15.937600135803223;23.1205997467041;-1.9830000400543213;14;18;1.5;20;4;97.08322143554688;0;0;21.715824127197266;9.550512313842773;100;100;95.05552673339844;17.13920783996582;77.5;0;97.08322143554688;32.93757247924805;0;43;9.550512313842773;13.315994262695312;34.68159484863281;16.908458709716797
21.2.2024 12:22:33;25;23.47316551208496;15;17.455101013183594;-11.932299613952637;23.535600662231445;17.525800704956055;23.282100677490234;17.3843994140625;3.0491628646850586;14.234999656677246;1.829800009727478;-9.343700408935547;79.19950103759766;8.625900268554688;138.63999938964844;16.261999130249023;23.3435001373291;-1.6360000371932983;14;18;1.5;20;4;96.30540466308594;0;0;22.528980255126953;11.9927396774292;100;100;92.38902282714844;13.233196258544922;77.5;0;96.3053970336914;33.12550735473633;0;43;11.9927396774292;7.031125068664551;32.635223388671875;23.250450134277344
21.2.2024 12:22:53;25;23.66583251953125;15;16.954099655151367;-13.544400215148926;23.749000549316406;17.078899383544922;23.498899459838867;16.829299926757812;2.964949607849121;14.130900382995605;1.7905999422073364;-9.878800392150879;78.37840270996094;9.16349983215332;138.63999938964844;16.48240089416504;23.36210060119629;-1.5477999448776245;14;18;1.5;20;4;95.83514404296875;0;0;21.220535278320312;14.341056823730469;100;100;90.40129089355469;12.381447792053223;77.5;0;95.83514404296875;30.889442443847656;0;43;14.341056823730469;6.84902286529541;33.210723876953125;22.444307327270508
21.2.2024 12:23:13;25;23.749868392944336;15;16.269399642944336;-13.00979995727539;23.874900817871094;16.338499069213867;23.624799728393555;16.200300216674805;2.8599321842193604;13.928999900817871;1.5843000411987305;-7.737299919128418;77.66200256347656;10.270099639892578;138.63999938964844;16.452899932861328;23.19860076904297;-1.627500057220459;14;18;1.5;20;4;95.7443618774414;0;0;19.31624984741211;13.664277076721191;100;100;90.27944946289062;14.712510108947754;77.5;0;95.7443618774414;28.53255844116211;0;43;13.664277076721191;10.934345245361328;35.126441955566406;20.80793571472168
21.2.2024 12:23:33;25;23.817100524902344;15;15.828450202941895;-12.011699676513672;23.99959945678711;15.896200180053711;23.74839973449707;15.760700225830078;2.8441431522369385;13.676199913024902;1.246500015258789;-5.610599994659424;76.67289733886719;9.06190013885498;138.63999938964844;16.352100372314453;23.199499130249023;-1.8136999607086182;14;18;1.5;20;4;95.79842376708984;0;0;18.877609252929688;9.74511432647705;100;100;93.4136734008789;17.797388076782227;77.5;0;95.79843139648438;28.84341049194336;0;43;9.74511432647705;16.529682159423828;38.49338150024414;21.346023559570312
21.2.2024 12:23:53;25;23.856801986694336;15;15.965400695800781;-12.551799774169922;23.999900817871094;16.116100311279297;23.820999145507812;15.81470012664795;2.9145243167877197;13.412500381469727;1.3812999725341797;-4.473100185394287;76.88369750976562;7.462399959564209;138.63999938964844;16.353900909423828;23.356800079345703;-2.1549999713897705;14;18;1.5;20;4;95.79424285888672;0;0;20.07400894165039;2.6126210689544678;100;100;93.28731536865234;18.310871124267578;77.5;0;95.79423522949219;30.31829071044922;0;43;2.6126210689544678;16.239599227905273;37.066898345947266;22.237855911254883
21.2.2024 12:24:13;25;23.991500854492188;15;16.065750122070312;-13.250699996948242;24.12969970703125;16.135299682617188;23.874900817871094;15.996199607849121;2.9300193786621094;14.173199653625488;1.5774999856948853;-3.949899911880493;78.22810363769531;6.169000148773193;138.63999938964844;16.505300521850586;23.59600067138672;-2.0815999507904053;14;18;1.5;20;4;95.38640594482422;0;0;20.494712829589844;3.544630527496338;100;100;92.25101470947266;17.849607467651367;77.5;0;95.38640594482422;30.672481536865234;0;43;3.544630527496338;14.79507827758789;35.2503776550293;25.54891586303711
21.2.2024 12:24:33;25;24.194665908813477;15;15.857600212097168;-13.688899993896484;24.355199813842773;15.951600074768066;24.10449981689453;15.76360034942627;2.899503707885742;14.389100074768066;1.5591000318527222;-3.9433999061584473;79.37830352783203;12.688199996948242;138.63999938964844;16.706300735473633;23.729799270629883;-1.7305999994277954;14;18;1.5;20;4;94.49510955810547;0;0;19.85892105102539;8.893488883972168;100;100;92.26283264160156;17.714181900024414;77.5;0;94.49510955810547;29.756366729736328;0;43;8.893488883972168;14.977775573730469;35.627376556396484;19.587350845336914
21.2.2024 12:24:53;25;24.3078670501709;15;15.705249786376953;-13.05739974975586;24.496299743652344;15.77340030670166;24.1781005859375;15.637100219726562;2.8892323970794678;14.190500259399414;1.3321000337600708;-4.24560022354126;79.51349639892578;19.406700134277344;138.63999938964844;16.85610008239746;23.857200622558594;-1.4774999618530273;14;18;1.5;20;4;94.04598236083984;0;0;19.625732421875;11.654181480407715;100;100;94.61279296875;18.632244110107422;41.5;0;0;0;0;44.04503631591797;11.654180526733398;16.982515335083008;38.08421325683594;12.355350494384766
