"","datetime","0.008753","0.009002","0.009521","0.01007","0.010651","0.011267","0.011918","0.012608","0.013339","0.014112","0.014931","0.015799","0.016719","0.017693","0.018725","0.019819","0.020979","0.022209","0.023513","0.024896","0.026364","0.027921","0.029575","0.03133","0.033195","0.035176","0.037282","0.039521","0.041902","0.044437","0.047135","0.050009","0.053072","0.056339","0.059824","0.063546","0.067523","0.071775","0.076326","0.081201","0.086428","0.092037","0.098064","0.104546","0.111526","0.119052","0.127178","0.135964","0.145477","0.155795","0.167002","0.179197","0.192488","0.207","0.222872","0.240263","0.259351","0.280336","0.303445","0.328931","0.357079","0.388206","0.422667","0.460858","0.503218","0.550236","0.602458","0.660492","0.725015","0.796785","0.83567","PM1"
"1",2024-02-28 12:00:00,0,0,0,0,0,0.000100412436782231,7.44540028617397e-05,9.95661923004587e-05,7.69483634534609e-05,0.000130199536935679,5.35410051404862e-05,0.00011530093502804,0.000121761471323037,0.000193954258397874,0.00031131533590493,0.000295435051260803,0.000200342328881159,0.00026246515256814,0.000679559246642253,0.000639900618337024,0.000346945255626169,0.000844291665041235,0.0010705816958009,0.00103825692330148,0.000787534788265635,0.00192162472489062,0.00195356886502158,0.00163414075991342,0.00345152393600778,0.00270520771952985,0.00327233660911945,0.00370908151442455,0.00179081616096501,0.00401495610326808,0.00631375334888338,0.00728757367613285,0.0083821833119562,0.0052970530066578,0.0203017098340363,0.015654102202431,0.0170369774485002,0.016916313749604,0.0190398910775424,0.0196243250723064,0.0231259754089144,0.0363297003128197,0.0451498039918399,0.0859113545623855,0.0851168522627791,0.0985234340061816,0.151786526639383,0.147995729776113,0.188208892462543,0.243726911438765,0.347789449945227,0.451990069108509,0.403358736249372,0.699510812338896,0.489220726845877,0.888483332604708,0.751411367227567,0.671468899842909,0.790721671842941,1.60722274073601,1.04299366524574,0.708972388013954,1.9051635830172,1.72594650954031,2.93090850941816,1.57646739765294,0,0.672964413774939
"2",2024-02-28 12:05:02,0,3.36123069012682e-05,0,5.44937191271461e-05,5.13213082208359e-05,0,2.42507323606809e-05,9.95661923004587e-05,7.69483634534609e-05,0.000104536337069514,0.000108755166691613,8.68886702360301e-05,0.000214159243773958,0.000193954258397874,0.000449922163905004,0.000147391438377354,0.000240565499158458,0.000352400764287293,0.000339779623321127,0.000372305814305177,0.000346945255626169,0.000975585401289548,0.000712998740725699,0.00103825692330148,0.000879464919191585,0.00161168525313407,0.00166704543148508,0.00190304999888651,0.00215103902440485,0.00269785661159634,0.0036846685679093,0.00278704995151676,0.00549768038226322,0.00411982435969672,0.00315687667444169,0.00840543158515618,0.00606096331787602,0.00926209853210925,0.00875394827706154,0.0124694567686986,0.016604292306951,0.024427418310239,0.0302584161107831,0.018571312507451,0.026612303360007,0.056120198537702,0.0451498039918399,0.0334801602338708,0.0464273739615159,0.0779317195032819,0.0944276078322126,0.0930396607387291,0.210315968720048,0.165704576984282,0.470211336325947,0.399703300188501,0.569963431656721,0.884078308998236,1.00418991299943,0.524741834021573,0.591211989443009,0.509728215939142,1.16394230095281,0.682249653210387,0.699243450087982,1.4095710864057,1.27133031405186,1.30109813796116,1.7719544909881,2.41979269908556,1.84316574223757,0.621324642729718
"3",2024-02-28 12:09:56,0.0193824416599681,0.0251786735333137,0.0326817072360926,0.0468799969885025,0.0631646870410288,0.0859137436430309,0.122388198989869,0.172939592022719,0.246552895819875,0.355517722916592,0.493581141138857,0.707002868080245,0.994450601802292,1.40129631665449,1.86459185285815,2.49130661328095,3.29520587271714,4.30406141798803,5.49963813388362,6.91609759212743,8.84249855047226,11.0140856519418,13.8482126238213,17.1582905935182,21.2665036208697,26.2172329638778,31.430752406125,37.3887268802975,43.9452958280991,48.3702902024631,51.7608203587259,53.4359201230656,53.9749486276867,53.7824343684045,50.9405099739455,47.0790157838671,41.0082198954165,35.313686711052,32.2964815157972,29.0206421918993,25.6906802794845,23.8395927359284,22.674061158733,21.2517081270831,19.8720693212279,17.2460055959689,13.7517341929344,10.8442028430462,8.15058342879945,5.73400050003822,3.75759447695953,2.28019479427041,1.35629900282531,1.07002058680433,0.802234331206991,0.690185349744098,0.99816672774754,1.05572608089142,1.28508219635592,1.19557656501506,0.698011574632714,0.980246569113736,1.93568665267152,1.0496148510929,1.5692944605028,1.17231654710969,2.54632440422491,3.8863970354684,0.577880653817742,3.20802639791203,3.74988892386265,24.9435176558408
"4",2024-02-28 12:14:58,0.0226409390984555,0.0362401781680947,0.0482995142338713,0.0648449593381111,0.0879649247414328,0.117307608126258,0.154580691655802,0.213236195989178,0.288307821724853,0.393188475013714,0.538198645422596,0.730129130120253,0.982705122253446,1.34097561428195,1.79308833047716,2.37391520218394,3.16370704681058,4.30406141798803,5.73922632981518,7.6012437087307,9.85570150938054,12.6917278373369,15.9286952715316,20.1210584887954,25.5259330204387,32.1607781281505,39.8093922049953,48.8690828518411,59.1689817601334,70.4971250823132,82.2032011459765,94.5082351980494,105.44525926801,115.355082071508,122.328971134615,125.544042090312,123.024659686249,113.685289675053,100.949786514199,84.7743643627353,69.7704790748105,54.9290342216871,44.4000779484598,35.8024272050859,30.7958969013182,25.727647692347,20.8516270343993,17.3507245488739,13.231801579032,9.78898427907078,7.06256075108697,5.01353612270872,3.41763449170079,2.54872959217976,2.1423830116626,1.48726809372466,1.81219142372906,1.956415464589,1.79068830639759,2.04231906991351,0.945939183108815,1.1272835544808,1.01212373995896,0.416565894027496,2.10306808652416,1.6468256257017,2.23490343392402,4.29676193983463,2.35302785560042,2.41979269908556,1.84316574223757,47.9454233710235
"5",2024-02-28 12:20:00,0.00730352874143725,0.0125893367666568,0.0171362049003406,0.0243810203316117,0.0349227837005688,0.0492476271091851,0.0689231340777248,0.0936896042220168,0.132025099051933,0.181290494467401,0.243444257748148,0.330375172000114,0.458073702404993,0.612487131782759,0.825040642857587,1.10217491529969,1.4542223100254,1.97307719587937,2.64636052778954,3.5162215795489,4.71292891492185,6.16351150721247,8.01852687138324,10.4856220293723,13.5750160000652,17.210756549305,22.0102092125765,27.0977771580579,33.3441865960752,40.4310936342777,47.9884215868187,56.0553279722355,63.6178048790368,70.5613553969875,75.1551890108561,76.9602175827599,75.0527798085924,68.7687583320486,59.9738584088046,49.7881187527176,40.0233755933021,31.6119531073681,25.2021794760831,20.2944239772145,16.1533195067291,12.9627763372979,10.3396497691236,8.25422818344489,6.13873055713376,4.59353631218532,3.66394726258048,3.11417724545176,2.08523503077548,1.62732297576492,1.06655431316536,1.10847950110416,1.34745201022435,1.17015792882021,0.802883776593951,1.17172466346862,1.98723513870844,2.22515971188818,1.39799591581832,1.00041415494792,1.9215850536769,2.34463309421937,1.27133031405186,2.15079488111947,4.69328486802254,2.41979269908556,5.57349853090407,28.2087372172077
"6",2024-02-28 12:25:03,0.00243825497983367,0.0046079417097375,0.00703524361520311,0.00923912349408443,0.012956858880211,0.0180934104464403,0.0263779895853021,0.0374422611855013,0.053088405793473,0.0736934087899955,0.108755166691613,0.14404357499205,0.199673152330381,0.27469119849651,0.361917828666862,0.486522181546489,0.658267652038095,0.896602986220534,1.19794097965782,1.57712879670943,2.08781215775039,2.77175665413105,3.57582955075199,4.63737583608601,5.97545851018673,7.58440119121916,9.46395583499343,11.7389225474793,14.2375362360321,16.9075482470616,20.0902167155055,22.9460127587282,25.5473074711093,27.7151820561416,28.8782468514268,28.5913657500198,26.8229865982598,24.4407884342281,21.083977552412,17.4034144829319,14.0622671003494,11.4952556754066,9.08542520297665,7.074329867529,5.69433565345128,4.5800867320442,3.34315342534998,2.90582522784539,2.35747887782364,2.14470626437894,1.83392461492314,1.74991693513775,1.76259121512541,1.99885790173865,1.98471846102076,2.91643977753819,3.62438284745813,3.32221493986811,5.14969186153555,4.38278690915745,5.72140634944848,3.6612209356398,3.54243308985637,3.20624536544785,4.3555927883343,1.88408016499771,2.23490343392402,1.30109813796116,0.577880653817742,1.57646739765294,1.84316574223757,12.3184577498274
"7",2024-02-28 12:29:57,0.0013146351734587,0.00170506065917343,0.00177869468585813,0.00254075896087322,0.00354289110005771,0.00470907967248412,0.00621159109589371,0.00750524248875296,0.0100211822171949,0.01443260689721,0.0180979751750914,0.0263309012084091,0.0340618906916533,0.0451013251585486,0.0577528450000311,0.0776087662252442,0.103652015714577,0.136738838226059,0.18404729596561,0.235276590984522,0.303960887672484,0.3774694917139,0.491947459406485,0.613164138326928,0.763020086685382,0.90794033491037,1.13741120585701,1.33420353182804,1.53469546440346,1.72015925644018,1.93883750835227,2.07457101654255,2.15398866913274,2.1423086670423,2.13447911510546,1.99709614900514,1.84150119530361,1.76878202736936,1.66138763045508,1.49812897868538,1.46572091699796,1.42384416888559,1.33516248635048,1.27318791932525,1.38291008726674,1.38816208977389,1.54577764048398,1.63610594350425,1.88030864544139,2.21440129808106,2.62212200261351,3.72640713735946,3.17863907270073,5.27579594882692,6.77030129226709,7.97082743980558,9.85013725478539,13.1042922628131,16.6896831694311,16.8155905902368,19.2620680431432,17.9385122147814,14.2962478269204,13.4481902796278,9.07415164236312,10.3415066834319,5.71549074905159,3.01738900269286,2.35302785560042,1.57646739765294,7.48022171252915,7.81348124675452
"8",2024-02-28 12:34:59,0.000674171883824977,0.000886142636487981,0.00117856599103608,0.00148852545182471,0.00127544079602077,0.00285180906374357,0.00253852695471455,0.00418077266152011,0.00520942408909735,0.00633339519632869,0.00886772897639303,0.0119926187436042,0.0172658549368036,0.0220866571764086,0.0297014631428731,0.0372391642979953,0.0513618943540887,0.0664422274333333,0.0859250393590926,0.112467381404689,0.144304663844513,0.18599945968511,0.236221467292101,0.296276789527717,0.355463172913672,0.444854300638816,0.533975489772565,0.641245108320454,0.739612272001667,0.823324088552563,0.912394121577541,0.972324193611861,1.05320027368642,1.0516788001844,1.05289011812345,1.09421091479399,1.12192299713875,1.18331827400192,1.22927784316183,1.28282900570065,1.40622671003494,1.46303254050629,1.62747616679408,1.53165463978977,1.83613272090878,1.86596126120319,2.03346445459432,2.42152102320449,2.68247049555425,3.54811080665349,4.13608530174154,4.51700321824814,5.6582165448263,7.18548546833187,8.4025931106767,10.1784910164281,12.0861476405156,15.8543479630373,19.1474906488003,21.3772667609925,23.1526243607682,21.2713505497681,21.1280830716434,17.9582540929176,15.9064540554365,12.9094381675769,5.4040697787507,9.05216700807857,4.11859692499938,5.63629472816777,1.84316574223757,9.77566912389581
"9",2024-02-28 12:40:10,0.0048821280586992,0.00528629917629037,0.00574099016492422,0.00603109450308289,0.00573948358209348,0.00659031506327295,0.00458069389035084,0.00397928964168781,0.00419537588854786,0.00508555153311151,0.0068599412836248,0.00938265488480325,0.0111190539729075,0.0164721918017333,0.0207360214904874,0.0270652420029213,0.0343443992367702,0.0458855161832412,0.0618573160405128,0.0813126240270682,0.105772248286031,0.127281983196281,0.160803971312604,0.199664792942592,0.239631207946975,0.285873583361338,0.354681280605029,0.412672255193325,0.459792295761037,0.519723330898806,0.546559170906546,0.61922801554376,0.705055593442868,0.714602261663759,0.782044448895782,0.819045891034401,0.936225397612339,1.03153137498073,1.08399955260634,1.17069360310444,1.24937834622335,1.37159300672465,1.42206655350939,1.5125089567924,1.58046867116199,1.65392020879374,1.63194138856001,2.12672715951003,2.6308845244859,2.8891759425607,3.34398594678538,4.49772038700696,5.61041746102629,6.74707425568288,7.87395314675995,10.9686021912193,11.80847314817,14.9868807287384,17.5089523292209,19.3498551295455,21.7794868369005,22.7907327318944,16.7632994430703,15.416218125427,11.5295103220614,9.1691901363222,6.97949351086108,5.60027398899794,4.08666981705364,1.57646739765294,0,8.61213816699136
"10",2024-02-28 12:45:04,0.0578664200283105,0.0696691452135378,0.0845964545713015,0.100945978916848,0.124507315802028,0.155771083313724,0.195707664665144,0.245137674129291,0.31415610918984,0.390834053007644,0.493581141138857,0.617801571640214,0.79477744947191,1.00225167018997,1.24306123523876,1.54565357944394,1.96474716354496,2.47781787389503,3.11464654711033,3.83940371002214,4.8050382748226,5.98115909575648,7.39004773822077,9.17169887581456,11.4912663657437,14.1842887662704,17.147993370745,20.8921793356019,25.3933546720572,30.4335868447108,36.1448440471103,42.8535124124193,50.4684554453776,59.4752825745309,69.236045246278,79.9698350301305,92.0750597651804,105.011752588128,117.340157756357,130.525608621989,141.704383857367,154.14092837477,163.53765365358,171.353862826481,176.640616188693,176.700877007878,174.050771113581,168.453636396834,159.142720745863,145.725979558982,135.008067396469,121.48183681948,105.157984360024,92.1406616414842,81.5218470671613,71.5747770104991,62.6959774822393,54.2628440178458,51.7309955181525,46.5112080155485,38.1427089963232,34.5536915612592,30.5534854000112,26.4043735978058,20.390152514016,14.5143953451676,13.3178262005144,7.33829005454903,4.69328486802254,7.20428649465054,3.74988892386265,105.162839835687
"11",2024-02-28 12:49:58,0.0482594706838046,0.0727248094772895,0.0903808275334418,0.116344518073656,0.147789171602407,0.183330582669229,0.239670980640648,0.319014781401133,0.423514248464785,0.557998015438624,0.730611632646218,0.971303005680336,1.29983307007229,1.68897966643124,2.2221094647631,2.88913306199859,3.80573072623669,5.00152126397329,6.52333315286394,8.49322638883686,11.0377716281069,14.1323118878392,17.9441628365009,22.903483990447,28.9273478646988,35.8435883219636,44.2808942738224,53.7818477946188,65.3324173601473,77.9217440951533,93.8713182776893,111.062892804803,130.24117534291,151.309912847043,176.139368994417,201.644368973824,226.705819421831,252.461883065854,276.773768930073,299.17725412669,319.105291892544,335.713716884033,349.986379558144,358.024272050859,359.09177896254,350.57453998363,337.761892458039,320.061909153985,296.619333643018,268.959470968644,238.020003213428,205.844223499675,179.844052797541,156.044668908965,134.478587312155,113.868963425794,98.2090836085428,88.7769658931422,74.9046088950625,68.2760681766705,57.2140634944848,49.5024517402436,40.2319186633688,34.2764849810026,22.5252470181014,20.375978080716,11.4309814981032,8.6176629916908,7.63057879902985,4.00049791232359,9.33805455616384,207.877102604066
"12",2024-02-28 12:55:00,0.0228656630597305,0.0321455880546675,0.0407075247210622,0.0527827703319453,0.0704529201611475,0.0922644108858213,0.121962747544945,0.167566711493858,0.226669597769885,0.313138126807329,0.435020666766451,0.591371557880205,0.826098728268833,1.14609334507834,1.57857776333418,2.14565412505087,2.97032642047742,4.08381094030847,5.58676111422237,7.56246185307391,10.2548420689505,13.6581956180537,18.1392080847237,24.0885911485579,31.562678284576,41.2037180099887,52.9634225628072,67.7444428951448,86.2880984001945,108.796397415874,135.981816196653,168.68986548654,204.127995970138,247.189461581803,292.369828371588,339.656826203242,389.449132340119,442.969929796529,491.711137264733,538.249932461812,578.716376822071,615.257434445056,641.510023027569,654.782358510127,654.267545488382,637.536764244423,608.316061416774,562.214011474435,510.701113576674,453.017719063793,390.196726579391,333.110909691512,280.819617325065,240.011562179027,197.544407568889,164.993804147579,139.421824051413,122.183682788483,103.696067939102,86.1649943364969,73.6154283629037,65.1863968460634,53.6425582178251,40.5085731593667,32.1331722864859,26.2375608162644,17.1464722471548,17.6698299997694,12.3238636670524,8.00947145581736,7.48022171252915,344.966963663401
"13",2024-02-28 13:00:02,0.0306186397237177,0.0409459011342722,0.0550961524643861,0.0649305067778711,0.0856367391613948,0.1084406387684,0.144653491274237,0.19140886884068,0.262459534259866,0.341391190880171,0.465695200961521,0.640927833680222,0.869165486614601,1.1832137773076,1.58407803428657,2.12608888986803,2.89297416994415,3.95533149499539,5.37984403591784,7.21342515216281,9.71753746952941,13.0017269368121,17.2073252321035,22.6716151986427,29.6321455351311,38.6512753014053,50.3586640761118,64.6416439839168,83.2063806001876,105.120843449122,133.349910076717,167.642102346873,205.380314963819,251.683815428745,304.925587872209,363.303820432582,422.977865587944,489.435307047914,555.037571609434,623.472838434932,686.887662209374,751.110456063497,790.036974171883,826.136221336608,836.718708262229,824.132890364743,792.706482299479,743.301670601032,675.776220995397,595.575742545407,511.157711819002,431.935419802597,359.688105595083,294.998731223139,242.061457161878,201.013578292473,169.527584800461,142.116972427691,124.294835385244,104.053920496323,90.0167932313227,73.5184926835302,62.3721254749712,44.6086311714484,39.2857388751721,25.4001918540432,21.6162791150028,15.5214490298521,12.3238636670524,13.6457661839851,20.5828322939528,415.976869748822
"14",2024-02-28 13:04:56,0.0348322139976238,0.0484628352231013,0.0589282995518041,0.075025104669556,0.0933298741215201,0.119823910241326,0.15032617720656,0.201483019832294,0.266436193869864,0.353163300910522,0.45732941890832,0.614497819920213,0.826098728268833,1.10897291284909,1.45757180238174,1.96956700840536,2.63771174318438,3.53318474610957,4.78087354608893,6.39900618337024,8.56617047077,11.1964380633978,14.8451105591825,19.6573209051868,25.8936535441425,33.9474880241588,44.2808942738224,57.4017798577181,73.9612272001667,94.8292923422149,120.190379477041,151.925655251853,189.100168045956,233.706400040978,286.988788585608,348.255733195729,417.819598934432,489.435307047914,573.662993475522,659.356167265719,746.381869172391,829.487199304906,900.642150555946,951.540444969395,984.30659152515,990.938518260179,961.587428528499,913.860977452826,833.113432753868,731.797853872282,628.216729792819,530.277859132653,434.9716625801,351.472039971145,286.578506754867,232.385639644478,194.372144641908,161.127424583603,137.40314194188,117.470615116193,102.985314290073,83.8110816592244,70.2160844596531,53.7927611185113,42.0613617304832,30.9826516021846,21.6162791150028,19.8182109696867,18.198451529067,4.00049791232359,7.48022171252915,468.746557134099
"15",2024-02-28 13:09:59,0.0333153272590176,0.0438793388274738,0.0540115825339848,0.0673258350911523,0.0915078158414905,0.111675884344916,0.143235319791156,0.188050818510141,0.248541225624874,0.32726465884375,0.437809260784184,0.571549047560198,0.759541010825373,1.01617183227594,1.36406719619121,1.78043640163795,2.39018454147792,3.24869454577348,4.38882013456455,5.8172783485184,7.79859247159706,10.3393817295546,13.5014655158696,18.0084761634673,23.6873304019197,31.1033375774516,40.4171691852242,52.2304483390048,67.7977916001528,86.7430736153593,111.417359077257,141.448023855174,176.576978109137,221.721456449133,276.226709013648,335.357372706999,407.503065627409,489.435307047914,577.38807784874,677.297831681113,778.833254788582,875.206966195727,971.745478231416,1043.43972335678,1107.49017913042,1132.29921986648,1123.57527491144,1078.10327293974,990.450644512338,883.859745586003,756.981649564018,626.69201533859,511.450196660118,410.174558274994,330.168117814669,270.729270185816,220.67814917991,186.413171625933,153.320371332081,130.887309736063,109.088147729484,92.1431774966911,70.8486617971275,49.9387065871545,38.9654746995593,33.6343199825517,24.1809223998337,19.3837069532989,15.2611575980597,8.7722782611333,20.5828322939528,516.4992947886
"16",2024-02-28 13:15:01,0.0314051735881802,0.0435126591158236,0.0550961524643861,0.0673258350911523,0.088774728421446,0.11203535607564,0.141391696863151,0.188050818510141,0.246552895819875,0.32726465884375,0.446175042837385,0.574852799280199,0.763456170674988,1.00689172421863,1.35306665428644,1.78043640163795,2.37471409137127,3.16610061664364,4.27991640914111,5.67507821111017,7.53761595187826,9.91997118320587,13.06803163093,17.209816991697,22.553525453833,29.7906527558945,38.854314093207,50.1102024163323,64.0997302401445,83.0675196486068,104.39894275743,135.161445017166,169.063064147047,212.732748755249,263.670949513028,324.60873896639,397.186532320386,480.142231597637,577.38807784874,677.297831681113,795.058947596678,907.863942546314,1027.04806642345,1129.59529684496,1208.59368971211,1262.35106534428,1276.94674648677,1238.13422751673,1155.52575193106,1045.42550553183,905.256405664186,756.851126216605,609.438318450141,489.683032433372,383.032114206344,309.072900727155,251.36848780758,210.406946191647,175.557677097803,142.51511173995,129.303783497536,100.475273334158,77.174435171871,64.5349131101652,45.1572487614071,40.6123946677285,31.1420970300888,20.6872190024622,12.9304787180213,7.20428649465054,14.9604434250583,567.430946328742
"17",2024-02-28 13:20:03,0.0351131189492175,0.0440015653980239,0.0543008011820919,0.0674969299706723,0.0872563465214212,0.111915532165399,0.140115342528379,0.186371793344872,0.240587906404878,0.32491023683768,0.423866290695516,0.568245295840197,0.747795531276527,1.00225167018997,1.30906448666737,1.73478418621134,2.31283229094466,3.05597537780387,4.08388970337892,5.45531436238836,7.21523319222563,9.48232539571149,12.4395524977675,16.4884474171947,21.6955108985241,28.3321140652754,36.9875705110752,47.679676602537,61.634356000139,79.3919656818543,100.889734597516,128.874866179158,162.801469178637,203.744041061365,252.908869941067,313.860105225781,386.869999013363,470.84915614736,569.937909102304,677.297831681113,800.467511866043,933.989523626784,1058.64954539032,1196.60518733576,1301.56243507458,1382.50766170964,1425.14839317754,1419.22188664333,1354.13174054421,1241.83878232872,1088.6488671565,920.755191766697,758.810455325175,601.886580077437,475.775967525071,378.788592620498,306.903386276696,249.166120490108,209.732904906175,171.435542365002,141.509450376359,115.178971870864,90.4585592588324,72.5710268138452,58.2880799615325,43.2640630480956,39.0192156906407,24.1391120215429,19.3797545230591,12.8405812228183,5.57349853090407,628.821922134466
"18",2024-02-28 13:24:57,0.0179779169019994,0.0270731853768397,0.0347785424348684,0.0443991212354613,0.0603303741609827,0.0762080069134835,0.104802872599668,0.138015868585122,0.184119339942906,0.251923154649505,0.334631282128039,0.449310233920156,0.614680096389606,0.83056967112965,1.08355337761963,1.44130565846882,1.95701193849163,2.63382862891805,3.56115182134642,4.71845910490936,6.35554583315194,8.42468140926675,11.0742357602077,14.7365498791178,19.3972576253754,25.6338174876301,33.2540833468118,43.5426113875663,56.4570700961273,73.07001285904,92.9940162377109,119.444997922147,151.530598235501,188.762861571559,236.765750583127,294.512564492685,361.078665745805,442.969929796529,540.137234116563,645.899918954174,768.016126249852,907.863942546314,1050.7491756486,1187.03234583707,1313.18352824489,1427.74308622365,1495.80266659989,1520.29406848143,1485.67596676851,1387.5647618877,1236.92362325667,1065.3764260756,878.308164825202,696.999521126711,550.89848871324,436.885002531618,352.208171869923,289.770969755163,234.07690279707,196.181890219429,165.157929954079,133.313533399468,108.803302045589,83.6411834464657,64.8001181989931,49.125645783644,38.4696492724626,29.6911077864977,17.6237635860438,19.1973046004511,13.1026105814236,663.844603053747
"19",2024-02-28 13:30:00,0.0601136596410604,0.0739470751827901,0.0903808275334418,0.109500722892852,0.128556334202094,0.148581648699245,0.174435092418933,0.206520095328102,0.238599576599879,0.275467374710207,0.323476906057104,0.379931447800131,0.450243382705762,0.5428863213529,0.682033598095605,0.854348602983781,1.09066673251905,1.42245100168048,1.85136333219845,2.41740233593987,3.16242135659251,4.15763498119658,5.50461033873336,7.36827493955888,9.77523725512598,12.8716039447133,17.1045807293,22.7021453671516,29.7693939480671,38.8138498889065,51.146708930741,66.7425119968486,85.9090829665733,109.961857455178,141.162610385546,179.287210793357,225.158339425777,280.960647780037,348.667897333174,429.70286274868,520.844739139864,622.441969242185,733.944349005679,853.897461682797,961.064405184533,1061.61886906333,1144.25457444968,1177.06978432288,1173.58084180498,1121.45645138869,1010.60952184062,872.548113663729,722.961142475167,575.879135259276,455.372319794951,352.064244061384,284.981715828361,228.863695857581,190.304521974018,156.52810389848,128.922356407572,108.317245887068,87.2956725714607,77.6550987488265,50.2814755712121,32.3782665392199,29.127020163436,19.8423500817082,15.2611575980597,9.61984137815101,15.0093337630487,498.890105056215
"20",2024-02-28 13:35:02,0.0463493170129671,0.0684468795080372,0.0853195011915691,0.106078825302451,0.125519570402044,0.153374605108898,0.190034978732821,0.233384497972407,0.288307821724853,0.360226566928732,0.45732941890832,0.591371557880205,0.759541010825373,0.955851129903396,1.232060693334,1.57826230474866,2.04209941407823,2.68889124833794,3.48491921355002,4.45991340053077,5.75683499379704,7.3852726639676,9.44885869168404,12.0314139747343,15.3523318646336,19.50795498703,24.7017929821617,30.9762757970929,39.014547348088,48.7378455991383,60.3583803505142,74.7055118583251,92.2959098343506,114.006775917426,139.18956246402,170.043385776433,206.072752807785,249.673960430771,299.869292044023,358.38474669749,423.490582291291,496.38604052892,571.986769300443,649.995937760784,726.318323144296,798.687964075608,854.744380914221,888.592931993301,884.699403822219,849.012228734941,780.393453158782,684.540509062152,575.381471242633,471.849355986633,382.104675673157,303.263259736043,249.907043111024,204.869921291867,167.833139305499,141.024367893298,115.190981168896,86.2616980820087,70.2160844596531,57.3188110089015,39.8195125011935,33.6343199825517,23.2649783695369,17.2353259833816,16.410533484106,11.1878331446338,1.84316574223757,401.159219637489
"21",2024-02-28 13:39:56,0.0629227091569978,0.0843363336795458,0.10845699304013,0.138586852411266,0.173095536602819,0.206097125615081,0.248180009539132,0.288792328426288,0.33403940723983,0.388479631001574,0.45732941890832,0.545119033800189,0.665577174434605,0.821289563072336,1.04505148095294,1.29130552206709,1.6553381614119,2.15661926061234,2.8097161159247,3.60671257608141,4.65152267498801,5.99939433690208,7.73679484617248,9.89306845031683,12.6250713138304,16.1533159986062,20.1868782718896,25.2878111265082,31.6184246280713,39.3284274442519,48.4270726068079,59.408170019173,72.3840378348095,87.3402764255706,105.289011812345,126.618905464373,150.621386282536,178.427048645315,208.232216462868,244.006636049355,281.786198433924,320.691507762763,366.577156015754,410.674900293632,452.06052432501,487.694420541743,516.982488456182,536.94596601491,528.756203450597,503.7050163017,460.432137363681,402.047031378757,333.996098052577,270.477426108873,215.165739699447,170.803445138691,137.22965700658,113.324442948834,91.7581458964516,73.9408947939489,58.7397718543377,47.4439339451048,41.9398774745496,30.1764269689209,20.390152514016,13.6212017854649,14.6001478429299,12.0695560107714,9.41849684399082,2.41979269908556,1.84316574223757,246.477453688173
"22",2024-02-28 13:44:58,0.0464616789936046,0.0708914109190385,0.0889347342929068,0.122332838856859,0.15285044460249,0.200105930103015,0.249598181022213,0.322372831731671,0.407607610024793,0.517972841335432,0.644165218096475,0.812722923120281,1.00228092150152,1.26673474982343,1.59507857619134,2.01521922383197,2.58356516781109,3.25787164901013,4.14923193863299,5.23555051366656,6.63187391285419,8.27879948010196,10.2940547673163,13.0619419383089,16.3329199278437,20.346614734136,25.135919396611,31.1314157426543,38.3982037880866,47.0470907744322,56.6737117826049,68.104604078417,81.6511983880551,96.9282312990466,113.898675469913,132.423167684302,153.458432941967,176.878202736936,200.037030841789,224.719346802806,250.416525671607,274.31860134493,302.584161107831,322.60475850572,342.822248524108,354.815361031819,361.887741919327,362.175318253194,345.626006157951,323.131519891657,289.916167848487,248.748523011317,208.523503077548,171.649135799862,136.333464378529,106.89739423646,88.4174041416196,75.3035386370105,63.434840658006,50.3871420168442,40.4312715361026,32.5931984230317,25.8091553689536,19.5982772977503,14.6253973529853,10.5648050733575,8.2618151532765,7.74865495891526,4.11859692499938,4.78873161115006,3.74988892386265,185.247438733085
"23",2024-02-28 13:50:00,0.0152812293666995,0.0256064665302389,0.0326817072360926,0.0412338659643398,0.0563825812209184,0.0798027242207233,0.105511958341208,0.145403579312306,0.206786299719895,0.282530640728417,0.382037380429511,0.528600275200183,0.708643932780373,0.969771291989368,1.30356421571499,1.70869720596756,2.32830274105131,3.06515248104051,4.06210895829424,5.31311422498013,6.87749887258953,8.77115099103313,11.1609225371956,14.0924699018836,17.7731586456836,22.3156419664718,27.7406778833064,34.1825013386952,42.4044369280956,51.8253109312105,62.8148260624537,74.9150644862587,90.0417356457233,106.665997967421,124.84012303474,145.106555498221,165.838272910395,190.508046730675,213.447334585373,237.727053503967,260.6927977834,282.15627566907,301.004087159487,316.861053606509,326.552718085676,332.19764877481,327.422242688915,317.956238699025,299.198632196435,277.829747985277,246.214134471596,211.629072872031,175.66163296504,146.384760833648,119.639570781158,99.1124753083697,81.2563251284967,68.2899737639556,54.0717645461232,48.0019518622007,39.2869902662129,30.1915943287031,26.7580213751651,19.1062703363005,19.8563788879946,14.374833851464,13.9773059023281,6.44514290975194,7.05589085600668,4.00049791232359,3.74988892386265,177.195572812095
"24",2024-02-28 13:55:03,0.0226409390984555,0.0316566817724672,0.0409967433691692,0.0532105075307455,0.0741982621812085,0.0970573672954743,0.127919067773884,0.166055588845116,0.222692938159887,0.296657172764838,0.387614568464978,0.515385268320178,0.677322653983451,0.886250319473538,1.16605744190539,1.50652310907827,1.98795283870494,2.59712021597145,3.45224809592298,4.45991340053077,5.75683499379704,7.367037422822,9.47053038593102,12.082940372913,15.2604017337076,19.2527107161717,23.8335401532633,29.4765896566661,36.3026356840818,44.9152694737157,54.5681868866567,65.6947488571807,78.3951690044823,93.4825600163911,109.773211633995,127.693768838434,147.268512957754,167.275358104983,188.116760847493,208.123307218567,229.323125021082,246.886741210437,260.712201476721,270.911414412816,278.90623608741,281.307796196542,274.000718881776,265.314477325014,249.418170115477,227.142450747371,200.170920735227,172.581339608627,146.384694137534,118.148106459645,98.3084845178509,82.4969020737895,69.4186230863956,57.9541939510326,48.4539188789935,40.8463813982701,36.6932860544629,32.3481367807533,25.7458976352061,23.452331829107,23.6995489953484,17.4451867129418,18.6852582180533,21.12172301885,14.0798546040676,20.8500526786357,20.5828322939528,153.954597986162
"25",2024-02-28 13:59:57,0.0206746044372993,0.0334900803307182,0.0449011951186139,0.0591988283139484,0.0838146808813652,0.107841519217194,0.143235319791156,0.18972984367541,0.262459534259866,0.348454456898381,0.460118012926053,0.624409075080216,0.84567452751691,1.12753312896372,1.47957288619127,1.90434955779591,2.55262426759778,3.34964268137661,4.44327199727627,5.77849649286161,7.49156127192789,9.64644256602188,12.3528657207796,15.7155514445137,20.0714119188323,25.5608905530992,32.2555925935785,39.9743926396541,49.677290936112,61.455262324102,74.9215942141557,90.8410642092116,109.327448148423,131.984191305193,155.33268182196,183.801636964413,213.036412790025,245.337191887309,278.26380267936,313.97912726939,346.688969666306,377.514646612784,402.91885682766,425.99144669153,439.27732183767,441.045389011663,435.988565264714,421.134090992086,394.632678672885,361.146992820087,320.741709248259,275.744486748979,235.410487715054,194.684301210233,161.374304774586,134.783670993797,108.293052014777,93.9448557996038,79.5861469510039,72.1520021779662,64.8426052937494,58.8147941468241,53.0732386140982,49.5287007859463,45.0504940362028,48.846522796237,39.0192156906407,32.8291923492983,28.191636316081,25.6387842897857,15.0093337630487,240.771448499921
"26",2024-02-28 14:04:59,0.0193262606696493,0.0291510370761908,0.0405629153970087,0.0561191204825869,0.0740970367212069,0.100891732423197,0.137278999562217,0.188050818510141,0.256494544844869,0.346100034892311,0.471272388996988,0.644231585400223,0.873080646464217,1.16929361522163,1.55107640857226,2.0347844590148,2.73826966887762,3.61577867523941,4.76998317354658,6.2955879016188,8.21308459115045,10.6311455878842,13.6531673755985,17.4674489825906,22.4309519459317,28.4415044670718,35.989079757842,44.9388708976189,55.902360892126,69.4679699716225,84.659646857916,103.623774513161,124.73097177071,149.811794898063,177.394944944479,209.598357941874,244.24392604377,280.650878598361,321.102272971364,361.524537970183,399.152043079148,433.684645935793,466.911851735583,487.257632283121,502.031224957338,506.071311750562,498.026463879455,475.881522821057,441.060052634401,402.330421825886,352.737840827769,306.597016734879,255.725098330059,211.774907805024,174.358444239207,141.755240183131,123.784365798267,103.173230632571,88.4810692572926,80.5001677192185,65.6054594736759,61.2654105696085,53.5793004840777,47.0686659786974,43.4491731581387,38.5189722621754,23.814544787715,18.9733420489327,16.410533484106,13.6457661839851,18.7738897883084,267.403238432486
"27",2024-02-28 14:10:01,0.0203375184953868,0.0318400216282923,0.0427320552578113,0.0600543027115488,0.0813852698413256,0.109519053960572,0.146071662757318,0.199803994667025,0.272401183284861,0.379061942977293,0.51867848729846,0.703699116360244,0.931808044208447,1.29457507399538,1.72158480809617,2.28261077133071,3.06314912111734,4.07463383707182,5.42340552608721,7.21342515216281,9.44120938982715,12.3452582555705,15.9503669657786,20.5590328733147,26.3839475757475,33.728707220566,42.7614518232501,53.7818477946188,67.1814480401515,83.0675196486068,102.644338677473,125.731576760154,152.782917229183,182.770389775636,218.828951296526,257.967209774614,299.179465903667,346.941483477002,394.858943561074,444.056194280995,492.179348512229,537.533830730659,575.936954171303,604.046298567091,621.728484611518,617.746266019541,608.316061416774,574.848034204197,539.073397664267,484.697279837485,425.314431971536,369.748289049768,310.694044700072,257.102168773819,215.165739699447,180.09887072447,151.990248441792,130.858355131472,115.633989981753,101.072432803019,93.0682099510286,75.4789858217576,75.9092804969223,60.4348550980835,57.4340421598983,51.2190681891971,33.340362702801,32.8291923492983,21.1357454600743,25.6387842897857,11.2447777377889,329.756661878834
"28",2024-02-28 14:14:55,0.0198880705728368,0.0328789474779678,0.0445396718084801,0.0594554706332285,0.080980368001319,0.110597469152744,0.146071662757318,0.204841070162832,0.278366172699858,0.371998676959083,0.507524111227526,0.680572854320236,0.935723204058062,1.25281458773746,1.66108182761994,2.22391506578221,2.9935320956374,4.01039411441528,5.34717291829081,7.05829772953565,9.25699067002565,12.1446706029689,15.7119783290618,20.5075064751359,26.6290945915501,34.1662688277517,43.8467678593732,55.8503804021041,70.2631658401584,88.2132952020603,110.540057037279,136.209208156834,166.558426159683,202.245923112385,243.940470297767,288.063384248319,340.44559913176,396.504552545145,454.460293532556,515.82285194257,573.307812552706,630.279643566326,676.271649891132,714.133975801981,734.453088363512,737.902862384898,722.052208877134,692.765579681981,634.507444140717,576.568006081192,503.353777287414,426.632641211271,356.700662857582,298.714080482876,243.916334228253,202.175506490696,173.911918890128,145.808322360878,127.571912024403,112.998383576236,99.9338975703668,90.1826843584637,80.3373218592428,66.584942116206,60.9569480916393,44.3805549977239,38.1032716603439,26.7944143439126,22.8917363970896,19.1973046004511,20.5828322939528,379.862006432632
"29",2024-02-28 14:19:58,0.0240454638564242,0.0383791431527208,0.0488779515300853,0.0682668569285127,0.0917102667614938,0.123418627548566,0.16876240648661,0.230026447641869,0.318132768799838,0.447340181153328,0.60233630783047,0.829241681720287,1.11582055714037,1.50801755931361,2.00759889762013,2.63478500462173,3.55820352453024,4.74456237334714,6.28374495693237,8.32517168099077,10.8842560282723,14.0776061644024,18.1608797789707,23.4702743704131,30.1224395667362,38.6512753014053,49.0562848327641,62.0559782245601,77.6592885601751,97.0346247222664,121.06768151702,149.830128972517,182.838573077547,223.219574398113,269.051989299008,320.309285470146,379.132599033096,442.969929796529,510.336559130822,578.618677396448,649.027712323818,718.453479712911,786.086789301023,835.709062835294,869.257769139094,879.2635639912,870.253855567906,835.951170619291,781.527461685517,709.622161330697,628.216729792819,544.739982563543,466.041067050107,387.882462716571,327.385802215107,281.186623969818,244.061264324801,210.406946191647,181.175522764932,163.981823131741,145.705148365955,133.803656684025,112.598766070435,100.861427097209,102.484536196101,82.2017197913816,70.5276903328482,55.2785665293331,58.7458786201461,43.2257189679032,72.846603605676,466.406704054652
"30",2024-02-28 14:25:00,0.0207869664179368,0.0309844356344418,0.0441781484983464,0.0567179525609072,0.0770325750612547,0.104606273640678,0.141817148308076,0.194766919171218,0.268424523674863,0.376707520971223,0.510312705245259,0.710306619800246,0.978789962403831,1.32705545219598,1.79308833047716,2.41304567254961,3.31841154787712,4.48760348272099,6.02237601591612,8.06662597661217,10.7307404284377,14.1687823701304,18.3125816386996,23.8309591576642,30.9498107450697,40.1098139920244,51.6610433194595,65.6759102876594,83.2063806001876,104.385732655771,130.718003956782,162.403286648533,200.371038989092,244.193225683842,294.163508300248,354.704913440095,420.398732261188,492.532998864673,573.662993475522,654.870751161871,740.973304903026,829.487199304906,908.542520297665,976.429832865979,1035.43940147451,1063.03247607939,1061.53737629669,1038.09553429549,974.974853191833,893.36361381811,792.099354956163,689.361216872449,585.538776550135,491.912241989214,412.710147268337,342.768818475604,293.750384007695,251.011795456702,221.202673143231,193.498551295455,172.023617573418,153.898711350856,130.310931519717,114.801624338286,89.3537049959757,82.3412812850852,62.467382866237,63.0030823762268,55.2338967461157,29.622330939769,28.0630540064819,549.740900084762
"31",2024-02-28 14:30:02,0.0214611383017618,0.0302510762111414,0.0421536179615973,0.052269485693385,0.0710602729211574,0.0971771912057156,0.125224541956031,0.174618617187988,0.23661124679488,0.32491023683768,0.429443478730983,0.584764054440202,0.78694712977268,1.06257237256251,1.44657126047697,1.94348002816158,2.62224129307772,3.55153895258287,4.78087354608893,6.41193346858917,8.64292827068729,11.3787904748538,14.9534690304174,19.7603737015443,25.8017234132165,33.728707220566,43.8467678593732,56.3675135539754,72.1121965201626,91.8888491688129,116.681171317128,145.639076413846,181.586254083865,224.717692347094,274.433029084988,333.207645958877,399.765665647142,477.044539780878,555.037571609434,650.385335058023,746.381869172391,842.549989845141,932.243629522822,1024.29404035941,1094.70697664308,1135.12643389861,1149.42439933424,1130.74503431375,1080.72609388195,994.738208293924,889.648536601011,766.492541837198,651.26251677515,537.982572809956,448.88025006264,370.655095232942,312.749165062919,265.777195189449,233.374672088679,206.020799607333,182.703576092388,152.428341497186,134.106395544563,118.901682350368,92.3428373016953,77.4566290054615,65.9479701813645,51.6576997261017,44.6979511240242,40.0473572790868,35.5921660570014,574.306353137279
"32",2024-02-28 14:34:56,0.0182026408632744,0.029456603502566,0.0371645962817513,0.050130799699384,0.0669100290610898,0.0869921588352029,0.117282781650779,0.160682708316255,0.218716278549889,0.299011594770908,0.401557538553647,0.551726537240191,0.747795531276527,1.01617183227594,1.35856692523883,1.83261036212551,2.44433111685121,3.33128847490331,4.45416236981861,5.97240577114555,7.96745963141511,10.5399693821562,13.8915560123153,18.266108154361,23.9018340407469,31.2127279792481,40.4605818266691,52.2304483390048,67.1814480401515,85.2728520286583,107.908150917344,136.209208156834,170.315383140728,211.234630806268,258.289909727047,316.009831973903,384.290865686607,458.458388880324,540.137234116563,636.929086746477,735.564740633661,836.018594575023,940.143999264541,1043.43972335678,1121.43549093479,1178.94825139656,1218.35539779507,1210.76051160225,1168.42224469815,1089.776890615,975.491816448477,848.444574612245,705.036486050162,588.511322742383,485.050352856944,398.541371990279,331.747946118143,287.925294788569,252.803055020836,214.368965148586,185.373565722131,160.760437334653,131.576086194665,113.98161273587,99.3886491651772,80.1082973858286,58.9867955511094,50.9335263654554,44.6979511240242,32.8430707844363,22.4406651375874,594.676009148211
"33",2024-02-28 14:39:59,0.0205622424566618,0.0284176776528904,0.0405629153970087,0.0516706536150648,0.0719713020611723,0.0940617695394412,0.12749361632896,0.17126056685745,0.240587906404878,0.31784697081947,0.42665488471325,0.594675309600206,0.79477744947191,1.07649253464849,1.44107098952459,1.93695828310063,2.59903561791774,3.54236184934622,4.70464093829252,6.33436975727559,8.41265487093541,11.141732339961,14.5633785339717,19.0132409279526,24.8517787269817,32.3066319972124,41.8931989943516,53.7818477946188,68.4141351601542,86.7430736153593,109.662754997301,137.256971296502,170.315383140728,211.234630806268,258.289909727047,313.860105225781,379.132599033096,452.263005246806,536.412149743345,632.443670642629,730.156176364296,836.018594575023,948.044369006259,1053.01256485547,1150.48822386057,1228.42449695877,1280.39329640981,1286.56464798082,1256.11839551435,1178.47966078134,1061.33509629594,920.755191766697,782.70999722518,647.956910898179,527.712525383558,428.751505144061,359.515395352701,304.53636948791,257.484593076777,222.717130689838,195.290670061175,167.132040033892,146.125364956575,117.261659145535,100.562951142424,86.6676875898947,65.3984037631865,53.8302198080406,46.2943065213108,33.690633901454,20.5828322939528,621.777426227085
"34",2024-02-28 14:45:01,0.0662935685761227,0.0947255921763014,0.122194878825213,0.162540135544078,0.212573466003462,0.273198515350224,0.354542870770189,0.458373870118469,0.592522281889699,0.751060619936376,0.962064936118112,1.23890689500043,1.57389425954536,2.0091433944086,2.55762599285852,3.20869856998488,4.07646360310313,5.20341753517956,6.6649079959144,8.64835381146401,10.9149591482392,13.9864299586744,17.9224911422539,22.903483990447,29.3563551423533,37.1927366107863,47.3197791749671,60.5045787689461,76.4266014401723,95.5644031355654,119.313077437063,147.734602693181,184.090892071228,223.219574398113,270.845669227668,326.758465714511,392.028265666875,464.653772513842,547.587402862998,636.929086746477,735.564740633661,842.549989845141,955.944738747978,1062.58540635415,1162.10931703087,1238.31974607121,1290.73294617893,1311.83269344035,1281.91138104852,1213.3271776324,1108.15870348547,968.962269869666,818.559310075189,666.533657196866,544.406418980929,441.532715324507,362.438284745813,302.690694521317,255.143824048807,224.804172075151,189.187836621763,165.171546895664,133.473818207088,106.601508314123,93.7306487293508,78.4335594613862,65.3984037631865,40.0709259557611,37.6739873759633,20.8500526786357,31.8765003697321,633.31164826482
"35",2024-02-28 14:50:03,0.0456751451291422,0.0690580123607875,0.093273014014512,0.12489926204966,0.162972990602654,0.215683038434387,0.276543439200748,0.367706511193937,0.497082451249747,0.663947005711781,0.897927273710238,1.21247688124042,1.61696101789113,2.18546544749757,2.93714468857301,3.8934818013841,5.20580646088881,6.95624425337937,9.27859740607692,12.2809209579833,16.1191379826317,20.9705273174389,27.306334751197,35.2955827524324,45.9650654629748,58.7061822974175,75.5379961141677,95.6696330961968,120.803337760272,151.432823430204,187.742636555379,232.603417006286,285.528730559456,346.065246214525,417.927423377792,498.736605564254,595.779798480579,696.980658770763,808.343308988236,928.481133496625,1054.6700325262,1182.18254389124,1311.46137712533,1426.35338330422,1533.98429848075,1625.64806847248,1662.96033786739,1686.6420344233,1661.0682684009,1583.97803868459,1459.33575740692,1325.69464783163,1153.15289667527,995.713601609587,833.767241335358,705.290416320989,609.422438463725,529.708715412304,456.449960454287,396.537863209484,349.005787316357,307.797422701713,258.72413102701,223.043155857242,180.41548559522,156.308872947958,129.514485883958,120.695560107714,84.6068360561887,74.5855542975585,71.3798934659644,913.543279834065
"36",2024-02-28 14:54:57,0.00988785429609965,0.014728301751283,0.0234267104966681,0.0324224796690555,0.0404901840006595,0.0594326594796978,0.0804103230906789,0.114341613754827,0.159464050360919,0.224611859379092,0.323476906057104,0.46252524080016,0.653831694885759,0.900170481559509,1.2650623190483,1.74130593127229,2.42886066674456,3.36799688784991,4.71553131083487,6.45071532424595,8.78109231053842,11.8164362623482,15.8853518830376,21.3834552441744,28.2838369482172,37.557371283441,49.9245376616626,65.1587771357881,84.4390677201904,108.796397415874,139.491024356566,177.071970603884,222.912780875365,278.649938510397,346.18022623139,423.496169379992,515.826665351151,622.636055168548,745.016874643535,879.141556354292,1027.62721117938,1182.18254389124,1343.0628560922,1483.79043229634,1626.95304384322,1738.73662975752,1826.67145921184,1857.2013412751,1846.77776424696,1770.88744724937,1642.72821889923,1475.13658995083,1278.62549165029,1084.88198384328,892.195868926157,750.605616051663,622.575440732726,518.634665612744,444.746115314434,390.574887822875,336.418693347571,291.133231026779,248.602893627421,217.303074640328,186.820769107476,146.539568388711,117.790402296159,100.901488250049,74.7094325930119,75.4331174145762,69.424279946349,935.136820637749
"37",2024-02-28 15:00:00,0.0108429311315184,0.0172950597328344,0.0253789363713905,0.0320802899100154,0.0457539079207452,0.0603912507616285,0.0839557517983808,0.118371274151473,0.163838375931917,0.228849818990018,0.315111124003903,0.429487723600149,0.587273977442298,0.802729346957707,1.08905364857202,1.48695787389543,2.02662896397157,2.81737069365101,3.7789592721933,5.0804230910394,6.90820199255645,9.2999729842555,12.4178808035205,16.5657370144628,21.9406579143266,29.0249199433195,38.1162991886432,49.6447825796481,64.7160738001459,84.5377412353078,107.908150917344,137.256971296502,172.820021128092,220.223338500152,274.433029084988,339.656826203242,420.398732261188,514.216841581985,618.364005954134,740.093657134991,881.59597590652,1025.42905740843,1185.05546125782,1340.19780981605,1487.49992579952,1611.51199831185,1711.21203678996,1770.86885262172,1766.81950909102,1704.36036962462,1584.19870991233,1407.64668060668,1206.92686595028,995.713601609587,812.436155072051,662.299072986761,539.273093029052,446.653341915601,367.5007373914,316.037695490265,275.390358953453,233.788806733626,198.629283966947,162.362297278433,141.983784521682,110.672264506903,86.6483052660706,78.4521140700143,62.2578604941766,53.8202579306246,67.4686664267335,837.134280566173
"38",2024-02-28 15:05:02,0.013820523618412,0.0226119155517623,0.0295003021069154,0.0407205813257795,0.0568887085209266,0.0788441329387927,0.105086506896284,0.142045528981767,0.198037648577899,0.270758530698067,0.368094410340843,0.498866509720173,0.681237813833066,0.93265085976011,1.24306123523876,1.65652324548,2.23548004041139,3.01008986162062,4.06210895829424,5.40360522151264,7.13847539230833,9.48232539571149,12.4612241920145,16.3338682226585,21.5116506366722,27.8216255235587,36.1627303236217,46.8522635595429,60.340034524136,77.1866333018028,98.2578284775813,123.636050480818,155.287555216546,193.257215418501,238.559430511787,292.362837744563,355.920399092294,430.579162529494,517.786727877257,610.016590123387,719.339047825565,822.955804034788,940.143999264541,1053.01256485547,1151.6503331776,1238.31974607121,1295.9027710635,1318.14970480523,1297.38717236903,1232.33491409661,1123.76657254865,978.603685490259,824.53419555019,680.651984383867,543.478980447742,434.561146135173,356.59250595959,289.770969755163,241.099209880982,207.213394684655,181.940721912462,152.428341497186,127.148044832345,108.241531518956,81.5606100560638,69.9203083454706,52.0256209208542,42.7262282781309,29.3410122021273,35.2586256679367,31.8765003697321,619.359554726867
"39",2024-02-28 15:09:56,0.0110676550927934,0.0182117590119599,0.0251620223853102,0.0342189759040164,0.0478796425807799,0.0673410375556254,0.0934575007350219,0.128613327659614,0.179943847352408,0.249568732643435,0.340208470163506,0.482347751120167,0.649916535036143,0.895530427530852,1.19905906761969,1.62391452017528,2.21227436525141,2.98255855191068,4.06210895829424,5.41653250673157,7.29199099214292,9.60997208373068,12.6129260517434,16.7460794080884,22.0019446682773,28.5873583361337,37.2046337182998,48.1450964392212,62.2506995601403,79.3919656818543,100.889734597516,126.779339899822,159.044512197592,199.249687214423,247.527830155087,303.111471485172,371.395199052829,452.263005246806,543.862318489781,641.414502850326,751.790433441756,875.206966195727,995.446587456572,1120.02245534627,1243.45696922304,1325.96338106712,1394.12944387017,1427.64456846317,1408.29701016598,1343.21337680453,1229.11968872508,1079.83854950649,914.157477675211,750.500550466928,608.399677770851,481.038274064069,393.128623373482,332.221493986811,271.529207244602,233.152337616403,200.63064932066,174.974012586802,136.63670489446,116.441647543119,106.220951578251,85.9698801213771,66.1311589874239,57.2096954910566,53.3182702693718,44.9208452019386,39.3078317442708,672.318442773653
"40",2024-02-28 15:14:58,0.0104496641992871,0.0161950205978838,0.0243666711030159,0.0340478810244963,0.046968613440765,0.0654238549917642,0.0909047920654765,0.122904642097699,0.170797530249413,0.234735874005193,0.320688312039371,0.442702730480153,0.614680096389606,0.83056967112965,1.10555446142917,1.50652310907827,2.0343641890249,2.78983938394107,3.78984964473564,5.10627766147726,6.86214731260608,9.04467960821711,11.9411035300869,15.8958938381393,21.0519999820425,27.5299177854349,36.0324923992869,46.9556901899171,60.5249375921365,78.6568548885038,100.012432557538,126.779339899822,161.549150184956,202.245923112385,252.908869941067,311.710378477659,384.290865686607,470.84915614736,569.937909102304,681.783247784961,811.284640404773,947.052314167018,1098.15139409892,1244.46939482919,1394.53118043705,1526.69557734806,1626.77156367545,1697.17038669811,1707.49564236242,1660.00898454145,1556.88493905177,1402.82597279638,1218.87663690028,1025.43639568749,852.316011999104,705.290416320989,591.885102105057,509.406290779777,435.383039202551,381.630424742962,347.480078956504,288.192491319438,253.030934989741,214.023028230662,207.104166896288,163.286947633135,135.926094096035,122.385297949222,107.913624856573,107.21673430274,112.447777377889,839.751102057309
"41",2024-02-28 15:20:00,0.0106182071702434,0.0174172863033845,0.026101982991658,0.0343900707835365,0.0466649370607601,0.0657833267224881,0.0856575575780777,0.112830491106085,0.172984693034912,0.234735874005193,0.320688312039371,0.449310233920156,0.622510416088836,0.839849779186965,1.14405635809585,1.55217532450488,2.10398121450484,2.82654779688766,3.85519187998971,5.19676865800977,6.95425667250683,9.20879677852751,12.2011638610507,16.2565786253904,21.4197205057463,28.149796728948,36.5968567380709,47.5762499721627,61.4494529321385,79.3919656818543,100.889734597516,129.922629318826,164.053788172319,206.740276959327,258.289909727047,320.309285470146,394.60739899363,483.239923414396,588.563330968393,704.210328304204,843.736026020964,986.240685787723,1153.45398229095,1321.05212681868,1499.12101896983,1653.92020879374,1792.20595998143,1874.04670491478,1924.15672084949,1888.10182211203,1787.10100773361,1624.57853207004,1422.02274305033,1203.77316015487,983.08484517851,800.568528575225,664.957336932842,555.548164944612,475.176112678053,408.463813982701,349.38721440632,306.817176132599,258.72413102701,228.783237074156,195.361147123818,177.243097003488,154.06178589591,126.971729233315,110.787064571689,89.8416904038773,103.158613159716,919.214606767738
