timestamp(UTC),NetADC_CO-CO_ug,NetADC_CO-CO( ppb),NetBME280-HPA(hPa),NetBME280-PERC(%),NetBME280-TEMP_EXT(°C),NetPM-PM10(µg/m3),NetPM-PM25(µg/m3),NetPid_P1-PPB_ug,NetPid_P1-PPB(ppm),NetPid_P1-TEMP(°C),NetADC_O3-O3_ug,NetADC_O3-O3(ppb),NetADC_NO2-NO2(ppb),NetADC_NO2-NO2_ug,NetCO2-HUM(%),NetCO2-TEMP(°C),NetCO2-CO2_ug,NetCO2-CO2(ppm)
2024-07-01T00:00:00,243.85,220.58,996.64,50.33,30.67,4.25,4.25,607.7445,0.2744,37.0000,74.76,39.46,31.09,56.46,46.29,31.83,554.71,319.35
2024-07-01T00:10:00,252.41,228.30,996.75,50.29,30.68,4.21,4.21,608.0580,0.2746,37.0000,67.10,35.42,30.47,55.33,46.29,31.82,553.52,318.64
2024-07-01T00:20:00,245.83,222.36,996.78,50.23,30.70,4.22,4.22,608.4297,0.2747,37.0000,74.34,39.24,31.51,57.23,46.27,31.83,552.70,318.18
2024-07-01T00:30:00,246.40,222.84,996.88,50.26,30.69,4.04,4.04,608.7403,0.2748,37.0000,73.78,38.94,32.33,58.73,46.27,31.83,562.71,323.90
2024-07-01T00:40:00,245.22,221.77,996.89,50.29,30.67,4.36,4.36,608.9993,0.2749,37.0000,75.41,39.80,32.38,58.82,46.29,31.82,555.16,319.54
2024-07-01T00:50:00,244.36,221.00,996.76,50.31,30.66,4.15,4.15,609.0950,0.2750,37.0000,74.48,39.31,31.94,58.01,46.29,31.81,543.39,312.79
2024-07-01T01:00:00,242.54,219.35,996.74,50.33,30.65,4.10,4.10,608.9887,0.2749,37.0000,74.07,39.09,31.41,57.05,46.30,31.80,540.52,311.13
2024-07-01T01:10:00,243.14,219.90,996.72,50.35,30.64,4.19,4.19,609.0709,0.2750,37.0000,73.73,38.91,32.88,59.73,46.32,31.79,545.96,314.26
2024-07-01T01:20:00,244.43,221.05,996.78,50.35,30.64,3.72,3.72,609.2180,0.2750,37.0000,76.19,40.21,32.81,59.59,46.32,31.79,540.82,311.28
2024-07-01T01:30:00,244.75,221.32,996.85,50.36,30.63,3.75,3.75,609.3986,0.2751,37.0000,73.31,38.69,31.95,58.03,46.32,31.78,546.05,314.26
2024-07-01T01:40:00,247.37,223.67,996.89,50.37,30.63,3.87,3.87,609.4814,0.2751,37.0000,73.71,38.89,32.09,58.30,46.32,31.78,551.33,317.28
2024-07-01T01:50:00,246.41,222.81,996.87,50.37,30.62,3.86,3.86,609.6812,0.2752,37.0000,74.88,39.51,31.69,57.57,46.33,31.78,545.06,313.68
2024-07-01T02:00:00,245.61,222.09,996.85,50.37,30.62,3.87,3.87,609.8381,0.2753,37.0000,74.42,39.27,31.75,57.67,46.32,31.77,544.58,313.40
2024-07-01T02:10:00,244.27,220.86,996.90,50.38,30.61,3.70,3.70,609.7393,0.2752,37.0000,74.07,39.08,31.47,57.17,46.33,31.77,540.72,311.16
2024-07-01T02:20:00,244.85,221.36,996.97,50.37,30.61,3.67,3.67,609.8864,0.2753,37.0000,74.93,39.53,32.57,59.18,46.33,31.76,538.49,309.85
2024-07-01T02:30:00,247.20,223.48,996.99,50.37,30.61,3.71,3.71,610.1456,0.2754,37.0000,73.94,39.01,32.00,58.14,46.32,31.76,541.80,311.75
2024-07-01T02:40:00,246.02,222.40,997.04,50.37,30.61,3.56,3.56,610.2791,0.2754,37.0000,74.71,39.41,31.82,57.82,46.33,31.76,537.13,309.04
2024-07-01T02:50:00,245.10,221.55,997.12,50.38,30.60,3.64,3.64,610.5146,0.2755,37.0000,73.96,39.01,32.75,59.52,46.33,31.75,537.00,308.94
2024-07-01T03:00:00,246.17,222.52,997.08,50.38,30.59,3.64,3.64,610.6397,0.2755,37.0000,73.56,38.80,31.72,57.65,46.33,31.75,536.90,308.88
2024-07-01T03:10:00,247.77,223.98,997.00,50.37,30.59,3.58,3.58,610.7315,0.2756,37.0000,73.06,38.54,31.33,56.93,46.32,31.75,536.75,308.82
2024-07-01T03:20:00,248.25,224.42,997.00,50.36,30.58,3.61,3.61,610.9225,0.2757,37.0000,74.89,39.51,32.53,59.11,46.31,31.74,543.47,312.68
2024-07-01T03:30:00,246.38,222.70,997.11,50.36,30.58,3.68,3.68,611.1587,0.2758,37.0000,74.81,39.46,31.98,58.11,46.32,31.74,535.50,308.06
2024-07-01T03:40:00,247.14,223.36,997.28,50.35,30.59,3.53,3.53,611.1817,0.2757,37.0000,73.61,38.82,33.31,60.54,46.30,31.75,531.51,305.72
2024-07-01T03:50:00,245.22,221.60,997.41,50.31,30.61,3.65,3.65,611.7303,0.2760,37.0000,74.84,39.46,32.33,58.76,46.27,31.77,537.00,308.85
2024-07-01T04:00:00,249.27,225.25,997.58,50.23,30.64,3.60,3.60,612.5216,0.2763,37.0000,73.63,38.82,32.05,58.27,46.21,31.81,546.89,314.52
2024-07-01T04:10:00,251.90,227.62,997.73,50.15,30.68,3.64,3.64,613.4475,0.2767,37.0000,75.73,39.93,32.07,58.30,46.14,31.85,541.04,311.15
2024-07-01T04:20:00,252.84,228.47,997.86,50.07,30.73,3.67,3.67,615.0700,0.2775,37.0000,73.73,38.88,31.36,57.00,46.08,31.89,545.16,313.53
2024-07-01T04:30:00,254.10,229.64,997.91,49.97,30.78,3.75,3.75,616.2151,0.2780,37.0000,73.86,38.95,31.42,57.10,46.01,31.93,548.92,315.73
2024-07-01T04:40:00,253.96,229.55,997.87,49.89,30.82,3.63,3.63,616.4207,0.2781,37.0000,73.44,38.74,31.24,56.78,45.96,31.97,559.02,321.59
2024-07-01T04:50:00,250.06,226.04,997.93,49.81,30.86,3.70,3.70,615.7770,0.2779,37.0000,74.85,39.48,31.77,57.73,45.90,32.01,555.89,319.81
2024-07-01T05:00:00,250.22,226.22,997.85,49.76,30.88,3.57,3.57,615.5832,0.2778,37.0000,73.29,38.67,32.05,58.24,45.84,32.04,560.90,322.75
2024-07-01T05:10:00,248.24,224.44,997.88,49.73,30.90,3.45,3.45,616.0585,0.2781,37.0000,74.05,39.07,31.66,57.53,45.81,32.07,550.67,316.87
2024-07-01T05:20:00,249.48,225.55,997.97,49.73,30.91,3.52,3.52,616.5606,0.2783,37.0000,74.24,39.17,32.19,58.49,45.79,32.09,545.47,313.86
2024-07-01T05:30:00,245.07,221.56,998.02,49.71,30.93,3.48,3.48,616.9400,0.2784,37.0000,74.60,39.35,32.53,59.11,45.79,32.10,547.74,315.17
2024-07-01T05:40:00,247.15,223.44,998.11,49.68,30.94,3.57,3.57,617.3075,0.2786,37.0000,74.63,39.37,31.95,58.05,45.76,32.11,550.01,316.46
2024-07-01T05:50:00,245.79,222.21,998.10,49.69,30.94,3.50,3.50,617.5015,0.2787,37.0000,75.44,39.80,31.75,57.69,45.76,32.12,553.18,318.29
2024-07-01T06:00:00,244.61,221.13,998.14,49.69,30.95,3.48,3.48,617.7406,0.2788,37.0000,75.10,39.62,32.50,59.06,45.77,32.13,547.21,314.85
2024-07-01T06:10:00,244.06,220.65,998.08,49.71,30.95,3.52,3.52,617.7237,0.2788,37.0000,75.48,39.82,32.33,58.75,45.75,32.14,546.64,314.54
2024-07-01T06:20:00,241.05,217.96,998.02,49.66,30.97,3.41,3.41,617.3622,0.2787,37.0000,75.94,40.07,32.66,59.32,45.76,32.14,548.16,315.45
2024-07-01T06:30:00,237.71,214.93,998.05,49.67,30.97,3.63,3.63,617.5190,0.2787,37.0000,77.29,40.78,33.02,59.98,45.76,32.14,549.00,315.93
2024-07-01T06:40:00,165.51,149.59,998.07,46.87,30.81,4.29,4.29,614.1447,0.2770,37.0000,56.50,29.80,23.69,43.05,43.26,31.99,575.86,331.20
2024-07-01T06:50:00,8.46,7.64,998.03,42.13,30.10,4.95,4.95,603.0156,0.2714,36.0476,47.56,25.02,17.74,32.33,38.93,31.24,659.13,378.22
2024-07-01T07:00:00,-43.73,-39.35,998.03,38.69,29.51,5.03,5.03,585.5755,0.2630,35.6415,52.66,27.65,20.04,36.58,35.90,30.60,758.79,434.55
2024-07-01T07:10:00,-44.69,-40.15,998.09,36.72,29.07,4.93,4.93,570.5994,0.2559,35.0000,62.11,32.57,23.50,42.97,34.13,30.14,850.79,486.51
2024-07-01T07:20:00,-62.50,-56.12,998.14,37.97,28.88,5.03,5.03,554.1299,0.2484,35.0000,82.71,43.33,34.15,62.47,35.12,29.97,874.43,499.69
2024-07-01T07:30:00,-36.01,-32.34,998.09,39.73,28.86,5.12,5.12,563.7128,0.2527,35.0000,90.27,47.30,37.81,69.18,36.51,30.03,1093.88,625.10
2024-07-01T07:40:00,-1.21,-1.08,998.02,40.33,28.93,5.09,5.09,564.1552,0.2529,35.0000,91.51,47.96,38.38,70.20,36.97,30.12,1267.24,724.39
2024-07-01T07:50:00,24.59,22.09,997.95,40.92,29.01,5.27,5.27,565.2651,0.2535,35.0000,90.91,47.66,37.47,68.50,37.47,30.21,1351.07,772.55
2024-07-01T08:00:00,44.28,39.80,997.89,41.53,29.08,5.15,5.15,567.8856,0.2548,35.0000,90.56,47.49,38.49,70.35,38.00,30.28,1385.89,792.70
2024-07-01T08:10:00,63.74,57.29,997.88,41.61,29.11,4.97,4.97,574.8270,0.2579,35.0000,87.97,46.14,35.72,65.28,38.07,30.32,1513.42,865.75
2024-07-01T08:20:00,69.24,62.24,997.82,41.49,29.13,4.99,4.99,576.2279,0.2586,35.0000,84.99,44.58,35.91,65.61,37.97,30.34,1565.79,895.79
2024-07-01T08:30:00,73.86,66.40,997.74,41.38,29.14,4.75,4.75,579.2439,0.2600,35.0000,85.89,45.06,36.25,66.24,37.86,30.35,1631.90,933.72
2024-07-01T08:40:00,76.59,68.86,997.66,41.25,29.16,4.73,4.73,578.9497,0.2599,35.0000,85.61,44.92,34.85,63.67,37.74,30.38,1669.74,955.53
2024-07-01T08:50:00,81.92,73.66,997.62,41.26,29.16,4.44,4.44,579.5961,0.2602,35.0000,85.22,44.72,35.47,64.79,37.75,30.38,1722.67,985.85
2024-07-01T09:00:00,83.34,74.94,997.58,41.23,29.16,4.33,4.33,572.8035,0.2571,35.0000,84.21,44.19,33.77,61.70,37.73,30.38,1836.64,1051.13
2024-07-01T09:10:00,78.72,70.77,997.62,41.19,29.11,4.27,4.27,573.6369,0.2574,35.0000,82.90,43.49,33.83,61.80,37.67,30.34,1828.59,1046.29
2024-07-01T09:20:00,76.28,68.58,997.56,41.09,29.10,4.19,4.19,574.5315,0.2579,35.0000,83.39,43.75,34.43,62.90,37.58,30.32,1810.43,1035.94
2024-07-01T09:30:00,73.19,65.80,997.64,40.75,29.10,4.07,4.07,573.9982,0.2576,35.0000,80.75,42.36,33.48,61.18,37.31,30.31,1785.29,1021.47
2024-07-01T09:40:00,52.77,47.42,997.71,40.12,28.98,4.18,4.18,566.2971,0.2540,35.0000,82.48,43.25,33.39,61.03,36.79,30.17,1595.41,912.41
2024-07-01T09:50:00,38.77,34.83,997.65,39.99,28.86,3.77,3.77,562.1544,0.2521,35.0000,83.17,43.60,33.95,62.08,36.67,30.03,1444.64,825.90
2024-07-01T10:00:00,30.55,27.44,997.67,39.90,28.79,3.77,3.77,560.5405,0.2513,35.0000,83.69,43.86,34.23,62.61,36.59,29.95,1346.60,769.66
2024-07-01T10:10:00,32.56,29.24,997.49,39.90,28.73,3.83,3.83,559.6573,0.2509,35.0000,83.11,43.55,35.55,65.03,36.58,29.90,1279.60,731.36
2024-07-01T10:20:00,34.25,30.76,997.25,40.09,28.70,3.74,3.74,558.1579,0.2502,35.0000,85.25,44.68,35.69,65.27,36.75,29.86,1228.21,702.06
2024-07-01T10:30:00,63.65,57.18,997.01,41.62,28.71,3.74,3.74,557.6899,0.2501,35.0000,90.73,47.57,38.06,69.59,38.05,29.89,1415.60,809.43
2024-07-01T10:40:00,94.36,84.81,996.91,41.88,28.82,3.74,3.74,565.8048,0.2539,35.0000,87.10,45.68,36.72,67.11,38.24,30.02,1587.25,907.97
2024-07-01T10:50:00,107.64,96.79,996.77,41.48,28.89,3.91,3.91,568.3888,0.2551,35.0000,82.93,43.51,33.81,61.76,37.89,30.11,1644.76,941.22
2024-07-01T11:00:00,108.28,97.40,996.45,41.71,28.93,5.03,5.03,545.2420,0.2448,35.0000,83.04,43.59,33.01,60.27,38.10,30.13,1617.01,925.76
2024-07-01T11:10:00,99.36,89.39,996.39,40.50,28.96,6.24,6.24,536.1102,0.2408,35.0000,78.41,41.17,32.17,58.73,37.09,30.15,1595.77,913.75
2024-07-01T11:20:00,85.85,77.23,996.27,40.61,28.90,5.93,5.93,537.9787,0.2416,35.0000,81.92,43.00,33.06,60.37,37.16,30.10,1514.29,867.03
2024-07-01T11:30:00,95.36,85.82,996.18,41.65,28.96,5.72,5.72,535.8213,0.2407,35.0000,89.91,47.22,37.65,68.72,38.13,30.13,1523.84,872.76
2024-07-01T11:40:00,135.29,121.96,995.92,41.77,29.42,5.19,5.19,535.8057,0.2411,35.3611,86.93,45.73,36.20,65.96,38.23,30.63,1516.08,869.85
2024-07-01T11:50:00,157.37,142.06,995.67,41.34,29.76,5.18,5.18,538.7523,0.2428,36.0000,80.70,42.51,34.58,62.93,37.86,30.98,1480.13,850.39
2024-07-01T12:00:00,157.01,141.80,995.82,41.23,29.95,5.00,5.00,541.7036,0.2442,36.0000,79.91,42.11,33.08,60.17,37.81,31.16,1451.54,834.36
2024-07-01T12:10:00,149.26,134.87,995.69,41.24,30.07,4.88,4.88,544.4533,0.2456,36.0000,76.99,40.60,33.09,60.15,37.86,31.26,1422.17,817.91
2024-07-01T12:20:00,136.92,123.76,995.67,41.34,30.15,4.72,4.72,547.9191,0.2472,36.0000,78.34,41.32,32.63,59.29,37.98,31.32,1390.32,799.82
2024-07-01T12:30:00,131.01,118.46,995.51,41.45,30.22,4.89,4.89,550.7600,0.2486,36.0000,80.76,42.61,33.22,60.35,38.11,31.38,1360.24,782.81
2024-07-01T12:40:00,124.82,112.91,995.37,41.58,30.28,4.75,4.75,553.6495,0.2500,36.0000,79.71,42.08,33.72,61.23,38.22,31.45,1346.61,775.25
2024-07-01T12:50:00,120.50,108.99,995.65,41.69,30.33,4.79,4.79,559.5408,0.2526,36.0088,80.40,42.44,33.82,61.42,38.34,31.49,1325.07,762.77
2024-07-01T13:00:00,117.28,105.99,996.53,41.87,30.36,4.90,4.90,562.5740,0.2538,36.0265,80.43,42.42,33.34,60.60,38.51,31.51,1318.89,758.61
2024-07-01T13:10:00,98.97,89.46,996.36,42.16,30.36,4.75,4.75,554.6240,0.2503,36.0614,84.59,44.62,33.94,61.67,38.77,31.52,1268.82,729.94
2024-07-01T13:20:00,62.83,56.80,996.30,42.58,30.37,4.17,4.17,535.0981,0.2415,36.1638,88.58,46.73,35.18,63.92,39.14,31.54,1169.27,672.72
2024-07-01T13:30:00,38.48,34.79,996.25,42.87,30.37,3.98,3.98,527.4778,0.2380,36.0862,87.51,46.16,36.28,65.92,39.42,31.53,1097.32,631.36
2024-07-01T13:40:00,17.15,15.50,996.13,43.18,30.36,3.67,3.67,519.2333,0.2343,36.0342,87.91,46.38,36.64,66.56,39.69,31.52,1047.00,602.47
2024-07-01T13:50:00,7.35,6.65,996.26,43.45,30.36,3.43,3.43,515.5606,0.2327,36.0339,86.64,45.70,35.94,65.31,39.95,31.50,1006.37,579.00
2024-07-01T14:00:00,3.01,2.72,996.41,43.59,30.37,3.30,3.30,515.5531,0.2326,36.0932,85.32,45.00,35.89,65.22,40.07,31.52,978.25,562.75
2024-07-01T14:10:00,0.39,0.35,996.96,43.75,30.38,3.32,3.32,515.3608,0.2324,36.0588,83.16,43.84,34.42,62.59,40.24,31.52,965.41,555.08
2024-07-01T14:20:00,1.58,1.43,996.80,43.87,30.38,3.28,3.28,516.9568,0.2332,36.1250,82.45,43.48,34.86,63.37,40.34,31.53,943.00,542.29
2024-07-01T14:30:00,2.71,2.45,996.49,43.91,30.40,3.14,3.14,520.2105,0.2347,36.2083,80.59,42.51,33.38,60.67,40.38,31.55,926.64,533.08
2024-07-01T14:40:00,7.08,6.40,996.34,43.95,30.43,3.05,3.05,525.5083,0.2372,36.3500,80.32,42.38,33.44,60.75,40.41,31.58,912.56,525.11
2024-07-01T14:50:00,9.79,8.85,996.21,43.97,30.46,2.99,2.99,532.4211,0.2404,36.4583,80.54,42.50,33.96,61.68,40.45,31.61,898.88,517.36
2024-07-01T15:00:00,11.88,10.75,996.00,43.99,30.48,2.91,2.91,540.7714,0.2442,36.4833,79.65,42.04,32.86,59.68,40.47,31.63,890.09,512.44
2024-07-01T15:10:00,17.25,15.61,995.85,44.03,30.50,2.91,2.91,549.6875,0.2483,36.4833,80.85,42.69,33.35,60.55,40.52,31.64,887.88,511.27
2024-07-01T15:20:00,18.98,17.17,995.88,44.10,30.49,2.82,2.82,558.3557,0.2522,36.4667,78.42,41.40,32.75,59.47,40.59,31.63,882.02,507.87
2024-07-01T15:30:00,24.07,21.78,995.78,44.15,30.49,2.84,2.84,564.6312,0.2550,36.4167,79.99,42.23,33.51,60.84,40.65,31.63,875.33,504.08
2024-07-01T15:40:00,29.83,26.99,995.64,44.21,30.51,2.87,2.87,568.2950,0.2567,36.5667,79.86,42.17,33.74,61.25,40.70,31.65,867.47,499.64
2024-07-01T15:50:00,30.92,27.98,995.91,44.30,30.51,2.77,2.77,571.8955,0.2583,36.6250,76.49,40.39,33.83,61.43,40.78,31.66,853.07,491.23
2024-07-01T16:00:00,35.19,31.84,995.90,44.37,30.52,2.68,2.68,575.8748,0.2601,36.5417,78.32,41.35,32.87,59.68,40.87,31.66,839.26,483.29
2024-07-01T16:10:00,38.37,34.72,995.86,44.43,30.53,2.72,2.72,580.9865,0.2624,36.6583,79.62,42.04,33.23,60.31,40.92,31.66,832.41,479.38
2024-07-01T16:20:00,42.20,38.18,996.10,44.47,30.54,2.67,2.67,585.0219,0.2642,36.8365,78.01,41.18,34.08,61.89,40.95,31.69,816.33,470.03
2024-07-01T16:30:00,46.65,42.21,996.10,44.53,30.55,2.54,2.54,588.6596,0.2659,36.8571,77.42,40.87,32.97,59.86,41.01,31.68,818.57,471.33
2024-07-01T16:40:00,46.86,42.40,996.11,44.63,30.54,2.53,2.53,588.8346,0.2659,36.7358,77.88,41.12,32.55,59.10,41.11,31.67,814.99,469.25
2024-07-01T16:50:00,49.03,44.35,996.15,44.73,30.53,2.43,2.43,588.7036,0.2658,36.6321,78.17,41.27,33.31,60.50,41.20,31.66,811.40,467.14
2024-07-01T17:00:00,48.07,43.48,996.20,44.83,30.52,2.52,2.52,586.7210,0.2649,36.5794,79.97,42.21,33.48,60.80,41.31,31.64,809.11,465.78
2024-07-01T17:10:00,48.99,44.31,996.19,44.92,30.50,2.51,2.51,584.6649,0.2640,36.4722,79.60,42.01,33.79,61.37,41.40,31.63,810.12,466.34
2024-07-01T17:20:00,51.20,46.31,996.14,44.98,30.49,2.54,2.54,583.2090,0.2633,36.4722,76.49,40.37,32.94,59.83,41.46,31.62,797.09,458.85
2024-07-01T17:30:00,53.08,48.01,996.09,45.04,30.48,2.39,2.39,581.5145,0.2626,36.3853,79.37,41.89,32.97,59.88,41.51,31.61,798.98,459.94
2024-07-01T17:40:00,55.69,50.36,996.23,45.11,30.47,2.32,2.32,580.3832,0.2620,36.4128,76.32,40.28,32.50,59.03,41.57,31.60,796.31,458.33
2024-07-01T17:50:00,60.26,54.48,996.57,45.19,30.46,2.32,2.32,579.5196,0.2615,36.3727,77.77,41.03,33.95,61.69,41.64,31.59,790.47,454.80
2024-07-01T18:00:00,63.85,57.68,997.27,45.25,30.45,2.28,2.28,579.0438,0.2611,36.2727,78.62,41.45,33.80,61.46,41.70,31.59,785.27,451.48
2024-07-01T18:10:00,64.91,58.64,997.07,45.31,30.45,2.13,2.13,580.8606,0.2620,36.3604,77.09,40.65,32.63,59.33,41.75,31.59,784.32,451.01
2024-07-01T18:20:00,66.41,60.03,996.61,45.40,30.44,2.07,2.07,588.1869,0.2654,36.3571,77.87,41.07,33.09,60.13,41.81,31.58,770.65,443.34
2024-07-01T18:30:00,69.05,62.41,996.57,45.49,30.42,2.14,2.14,597.1185,0.2694,36.3717,78.02,41.15,33.07,60.09,41.87,31.58,763.53,439.24
2024-07-01T18:40:00,75.63,68.37,996.45,45.55,30.42,2.05,2.05,603.1809,0.2722,36.3363,78.37,41.34,32.48,59.01,41.93,31.57,758.83,436.58
2024-07-01T18:50:00,80.49,72.77,996.26,45.64,30.41,2.11,2.11,608.6655,0.2747,36.3246,77.67,40.98,33.78,61.38,42.00,31.56,757.61,435.95
2024-07-01T19:00:00,85.61,77.41,996.18,45.71,30.40,2.00,2.00,612.9324,0.2767,36.3565,77.09,40.67,32.43,58.92,42.07,31.56,752.56,433.07
2024-07-01T19:10:00,91.45,82.68,996.28,45.77,30.39,2.02,2.02,618.0909,0.2789,36.2696,75.78,39.98,32.64,59.30,42.14,31.55,754.26,433.99
2024-07-01T19:20:00,97.50,88.15,996.27,45.84,30.39,1.85,1.85,620.1239,0.2799,36.2586,76.49,40.35,32.51,59.07,42.18,31.55,747.07,429.85
2024-07-01T19:30:00,101.78,91.92,997.21,45.92,30.39,1.92,1.92,624.7811,0.2817,36.2564,76.61,40.38,33.31,60.59,42.26,31.55,747.95,429.95
2024-07-01T19:40:00,105.10,94.91,997.38,45.98,30.39,1.90,1.90,625.6292,0.2820,36.2564,77.25,40.71,31.48,57.27,42.33,31.54,743.38,427.26
2024-07-01T19:50:00,103.90,93.81,997.43,46.12,30.36,1.79,1.79,626.0038,0.2822,36.0342,77.35,40.75,33.42,60.81,42.46,31.51,729.60,419.27
2024-07-01T20:00:00,102.35,92.45,997.04,46.20,30.34,1.83,1.83,630.1485,0.2841,36.0085,77.81,41.01,32.53,59.16,42.52,31.50,727.05,417.94
2024-07-01T20:10:00,105.11,94.93,997.10,46.27,30.32,1.84,1.84,632.1105,0.2850,36.0000,78.10,41.16,33.33,60.63,42.57,31.49,718.84,413.18
2024-07-01T20:20:00,109.03,98.48,996.88,46.32,30.31,1.67,1.67,639.9437,0.2886,36.0000,76.82,40.49,32.58,59.25,42.62,31.48,715.31,411.23
2024-07-01T20:30:00,111.21,100.45,996.89,46.39,30.30,1.70,1.70,640.2767,0.2887,36.0000,77.93,41.08,32.57,59.22,42.68,31.47,714.87,410.95
2024-07-01T20:40:00,113.58,102.60,996.72,46.43,30.29,1.58,1.58,641.3443,0.2892,36.0000,77.99,41.11,32.05,58.27,42.71,31.45,704.77,405.20
2024-07-01T20:50:00,117.98,106.56,996.88,46.48,30.28,1.51,1.51,645.9919,0.2913,36.0000,78.39,41.32,33.45,60.83,42.75,31.45,693.88,398.86
2024-07-01T21:00:00,123.36,111.38,997.19,46.52,30.28,1.49,1.49,653.1852,0.2944,36.0000,77.85,41.02,32.62,59.34,42.79,31.45,690.86,397.01
2024-07-01T21:10:00,130.56,117.90,997.06,46.55,30.28,1.46,1.46,658.7414,0.2970,36.0000,78.27,41.24,32.60,59.30,42.82,31.45,688.63,395.77
2024-07-01T21:20:00,134.19,121.24,996.52,46.57,30.27,1.56,1.56,661.2447,0.2982,36.0000,76.13,40.14,32.07,58.31,42.84,31.44,688.47,395.88
2024-07-01T21:30:00,139.29,125.81,996.79,46.62,30.27,1.47,1.47,660.5440,0.2978,36.0000,77.48,40.84,32.10,58.38,42.89,31.43,689.91,396.60
2024-07-01T21:40:00,143.91,130.01,996.59,46.65,30.26,1.44,1.44,660.2700,0.2978,36.0000,77.62,40.92,33.08,60.15,42.92,31.43,684.42,393.52
2024-07-01T21:50:00,147.63,133.37,996.58,46.69,30.25,1.39,1.39,663.1615,0.2991,36.0000,76.67,40.42,31.73,57.70,42.95,31.42,689.48,396.42
2024-07-01T22:00:00,149.34,134.89,996.74,46.73,30.25,1.44,1.44,664.4477,0.2996,36.0000,77.15,40.66,31.76,57.77,43.00,31.42,685.74,394.20
2024-07-01T22:10:00,146.57,132.35,996.98,46.77,30.25,1.37,1.37,662.2620,0.2985,36.0000,76.97,40.56,32.58,59.27,43.03,31.41,673.83,387.26
2024-07-01T22:20:00,143.95,129.91,997.52,46.80,30.24,1.31,1.31,661.6340,0.2981,36.0000,78.47,41.33,32.73,59.57,43.05,31.41,668.65,384.06
2024-07-01T22:30:00,142.96,129.02,997.50,46.82,30.24,1.25,1.25,658.0154,0.2965,36.0000,76.40,40.24,32.37,58.92,43.08,31.40,670.61,385.20
2024-07-01T22:40:00,142.55,128.68,997.30,46.84,30.23,1.35,1.35,658.0072,0.2965,36.0000,75.48,39.76,32.15,58.51,43.11,31.39,675.70,388.19
2024-07-01T22:50:00,140.59,126.92,997.19,46.87,30.23,1.18,1.18,657.5404,0.2963,36.0000,79.13,41.69,32.95,59.96,43.12,31.39,677.49,389.25
2024-07-01T23:00:00,141.56,127.80,997.13,46.90,30.22,1.16,1.16,656.1468,0.2957,36.0000,76.85,40.48,32.71,59.52,43.15,31.38,671.81,386.00
2024-07-01T23:10:00,143.76,129.79,997.06,46.93,30.22,1.17,1.17,653.8951,0.2947,36.0000,76.95,40.54,31.93,58.09,43.17,31.38,661.63,380.18
2024-07-01T23:20:00,142.34,128.54,996.81,46.95,30.22,1.14,1.14,656.1300,0.2958,36.0000,76.65,40.39,31.54,57.37,43.21,31.38,660.77,379.78
2024-07-01T23:30:00,143.66,129.70,997.03,46.98,30.21,1.09,1.09,655.4626,0.2954,36.0000,75.84,39.96,32.81,59.69,43.24,31.38,658.96,378.65
2024-07-01T23:40:00,143.76,129.80,997.03,47.00,30.21,1.15,1.15,656.7798,0.2960,36.0000,77.37,40.76,32.43,58.99,43.25,31.38,656.04,376.97
2024-07-01T23:50:00,143.78,129.82,996.96,47.03,30.21,1.13,1.13,659.2805,0.2972,36.0000,75.53,39.80,31.78,57.82,43.28,31.37,648.85,372.86
2024-07-02T00:00:00,147.23,132.93,996.99,47.07,30.21,1.14,1.14,660.7607,0.2978,36.0000,75.60,39.83,32.06,58.33,43.30,31.37,655.43,376.63
2024-07-02T00:10:00,158.49,143.16,996.62,47.04,30.22,1.05,1.05,657.9343,0.2967,36.0000,68.86,36.30,29.59,53.80,43.32,31.37,651.70,374.64
2024-07-02T00:20:00,152.70,137.93,996.61,47.02,30.24,1.11,1.11,659.4083,0.2973,36.0000,76.90,40.53,31.74,57.72,43.34,31.37,643.27,369.82
2024-07-02T00:30:00,152.44,137.69,996.61,47.08,30.23,1.16,1.16,659.9571,0.2976,36.0000,77.46,40.83,31.80,57.83,43.37,31.37,645.68,371.20
2024-07-02T00:40:00,152.88,138.09,996.61,47.12,30.22,1.11,1.11,661.2179,0.2981,36.0000,74.20,39.11,32.01,58.22,43.38,31.37,647.84,372.42
2024-07-02T00:50:00,152.59,137.85,996.41,47.16,30.21,1.22,1.22,661.6548,0.2984,36.0000,75.53,39.82,31.79,57.80,43.41,31.37,643.41,369.94
2024-07-02T01:00:00,151.17,136.61,996.07,47.20,30.20,1.18,1.18,664.0559,0.2996,36.0000,76.05,40.10,30.93,56.22,43.43,31.36,647.51,372.41
2024-07-02T01:10:00,151.93,137.27,996.27,47.23,30.20,1.21,1.21,661.0452,0.2981,36.0000,74.69,39.38,32.20,58.55,43.47,31.36,647.13,372.12
2024-07-02T01:20:00,151.87,137.19,996.44,47.26,30.20,1.17,1.17,661.2382,0.2982,36.0000,76.37,40.26,32.06,58.30,43.49,31.36,643.74,370.10
2024-07-02T01:30:00,153.14,138.34,996.39,47.28,30.20,1.28,1.28,660.2355,0.2977,36.0000,75.20,39.64,31.88,57.96,43.51,31.36,633.78,364.39
2024-07-02T01:40:00,155.56,140.55,996.23,47.31,30.19,1.28,1.28,661.3502,0.2983,36.0000,76.19,40.17,32.68,59.41,43.53,31.36,632.50,363.71
2024-07-02T01:50:00,153.85,139.03,996.06,47.34,30.19,1.26,1.26,659.5184,0.2975,36.0000,75.75,39.95,32.03,58.23,43.56,31.36,632.81,363.95
2024-07-02T02:00:00,154.16,139.32,995.97,47.36,30.19,1.36,1.36,660.2727,0.2979,36.0000,76.20,40.19,31.70,57.62,43.58,31.35,635.46,365.50
2024-07-02T02:10:00,155.42,140.47,995.92,47.39,30.18,1.34,1.34,659.3935,0.2975,36.0000,74.06,39.06,32.13,58.40,43.61,31.35,630.72,362.79
2024-07-02T02:20:00,152.45,137.80,995.73,47.41,30.18,1.30,1.30,658.7923,0.2973,36.0000,76.83,40.53,31.58,57.40,43.63,31.35,631.97,363.57
2024-07-02T02:30:00,153.75,138.98,995.67,47.43,30.18,1.33,1.33,659.4900,0.2976,36.0000,75.46,39.81,31.69,57.59,43.65,31.34,628.84,361.79
2024-07-02T02:40:00,152.07,137.47,995.65,47.47,30.17,1.40,1.40,659.2307,0.2975,36.0000,75.04,39.59,31.53,57.30,43.68,31.34,639.11,367.70
2024-07-02T02:50:00,150.02,135.63,995.49,47.48,30.17,1.35,1.35,661.7217,0.2987,36.0000,76.17,40.19,31.99,58.13,43.69,31.34,628.62,361.72
2024-07-02T03:00:00,149.04,134.72,995.65,47.51,30.16,1.35,1.35,657.1110,0.2965,36.0000,75.80,39.98,32.13,58.38,43.71,31.34,623.37,358.64
2024-07-02T03:10:00,147.97,133.74,995.83,47.53,30.16,1.29,1.29,657.8132,0.2968,36.0000,75.86,40.01,31.67,57.57,43.73,31.34,618.65,355.85
2024-07-02T03:20:00,146.10,132.03,995.96,47.54,30.16,1.21,1.21,656.8143,0.2963,36.0000,75.18,39.64,31.70,57.63,43.75,31.33,625.04,359.48
2024-07-02T03:30:00,144.56,130.64,995.96,47.56,30.16,1.30,1.30,654.8085,0.2954,36.0000,76.59,40.39,32.18,58.50,43.77,31.33,624.74,359.31
2024-07-02T03:40:00,143.45,129.65,995.77,47.57,30.15,1.30,1.30,654.1232,0.2951,36.0000,76.30,40.24,32.74,59.51,43.77,31.33,625.39,359.74
2024-07-02T03:50:00,139.12,125.72,995.93,47.59,30.15,1.26,1.26,654.1836,0.2951,36.0000,75.42,39.77,32.01,58.19,43.80,31.32,620.60,356.92
2024-07-02T04:00:00,137.67,124.38,996.18,47.60,30.15,1.21,1.21,654.2286,0.2951,36.0000,75.29,39.69,31.58,57.41,43.81,31.32,614.50,353.33
2024-07-02T04:10:00,135.07,122.04,996.06,47.63,30.14,1.17,1.17,654.1445,0.2950,36.0000,76.70,40.44,31.78,57.78,43.83,31.32,603.37,346.96
2024-07-02T04:20:00,136.34,123.19,995.99,47.64,30.14,1.17,1.17,652.4800,0.2943,36.0000,75.62,39.87,32.38,58.86,43.85,31.31,614.24,353.24
2024-07-02T04:30:00,134.51,121.54,996.01,47.65,30.14,1.22,1.22,653.6669,0.2948,36.0000,74.21,39.13,32.29,58.70,43.86,31.32,611.61,351.72
2024-07-02T04:40:00,132.87,120.04,996.11,47.66,30.14,1.16,1.16,651.7004,0.2939,36.0000,75.72,39.92,31.71,57.65,43.87,31.31,603.30,346.90
2024-07-02T04:50:00,134.17,121.20,996.25,47.68,30.14,1.13,1.13,653.8277,0.2948,36.0000,76.26,40.20,33.11,60.20,43.89,31.31,608.11,349.61
2024-07-02T05:00:00,134.85,121.80,996.32,47.69,30.14,1.08,1.08,655.6251,0.2956,36.0000,76.09,40.10,31.75,57.74,43.91,31.31,616.61,354.48
2024-07-02T05:10:00,132.76,119.92,996.35,47.71,30.14,1.04,1.04,660.0916,0.2976,36.0000,75.54,39.81,31.44,57.17,43.92,31.30,612.90,352.33
2024-07-02T05:20:00,132.60,119.77,996.29,47.72,30.13,1.06,1.06,658.4132,0.2969,36.0000,74.92,39.49,32.68,59.43,43.93,31.30,614.43,353.23
2024-07-02T05:30:00,131.71,118.96,996.38,47.73,30.13,1.01,1.01,656.6687,0.2961,36.0000,76.41,40.27,32.50,59.10,43.94,31.30,603.97,347.18
2024-07-02T05:40:00,129.54,116.99,996.43,47.74,30.13,1.03,1.03,657.2647,0.2963,36.0000,76.29,40.20,32.94,59.91,43.95,31.31,613.72,352.77
2024-07-02T05:50:00,131.26,118.53,996.55,47.75,30.14,1.00,1.00,656.6082,0.2960,36.0000,77.25,40.71,31.27,56.89,43.95,31.31,610.50,350.88
2024-07-02T06:00:00,128.70,116.20,996.75,47.74,30.14,1.02,1.02,658.4465,0.2968,36.0000,76.54,40.33,31.90,58.03,43.95,31.32,610.56,350.85
2024-07-02T06:10:00,130.46,117.78,996.89,47.73,30.15,0.98,0.98,659.2896,0.2971,36.0000,75.31,39.67,30.85,56.13,43.94,31.33,621.93,357.35
2024-07-02T06:20:00,130.21,117.54,997.03,47.74,30.15,1.07,1.07,658.9609,0.2969,36.0000,74.91,39.46,31.60,57.51,43.95,31.32,613.34,352.36
2024-07-02T06:30:00,49.21,44.43,996.97,47.43,30.06,1.21,1.21,498.1799,0.2244,36.0000,86.96,45.79,31.00,56.43,43.64,31.25,654.35,375.83
2024-07-02T06:40:00,-157.33,-141.67,996.97,48.50,29.43,1.41,1.41,323.8536,0.1456,35.2143,107.86,56.68,36.30,66.21,44.71,30.48,736.52,422.14
2024-07-02T06:50:00,-223.49,-200.96,997.10,48.84,29.00,1.78,1.78,320.3979,0.1438,35.0000,109.77,57.60,36.56,66.78,45.08,30.00,686.83,393.06
2024-07-02T07:00:00,-204.26,-183.60,997.22,48.78,28.94,1.33,1.33,318.0771,0.1427,35.0000,108.16,56.74,36.46,66.62,44.94,29.98,664.17,379.96
2024-07-02T07:10:00,-157.45,-141.48,997.19,49.21,28.81,1.74,1.67,315.5589,0.1415,35.0000,113.77,59.65,39.61,72.41,45.30,29.85,659.04,376.88
2024-07-02T07:20:00,-112.25,-100.81,997.27,50.07,28.66,2.07,2.04,308.1918,0.1382,34.9474,125.64,65.84,45.24,82.75,46.01,29.71,656.36,375.14
2024-07-02T07:30:00,-158.37,-142.15,997.21,49.95,28.50,2.97,2.44,312.2602,0.1399,34.4348,119.07,62.36,39.21,71.76,45.87,29.56,614.14,350.83
2024-07-02T07:40:00,-150.00,-134.62,997.19,50.10,28.47,2.59,2.36,313.2530,0.1403,34.3534,116.38,60.95,38.74,70.90,45.94,29.56,610.20,348.56
2024-07-02T07:50:00,-136.37,-122.39,997.21,49.99,28.46,2.31,2.21,307.9693,0.1380,34.1724,114.65,60.04,37.39,68.43,45.81,29.57,617.11,352.48
2024-07-02T08:00:00,-109.49,-98.28,997.29,50.09,28.56,6.28,4.78,312.2757,0.1399,34.6923,113.37,59.39,37.60,68.80,45.85,29.69,641.63,366.58
2024-07-02T08:10:00,-62.89,-56.50,997.27,49.89,28.80,4.48,3.44,317.7404,0.1425,35.0000,116.64,61.15,39.57,72.35,45.66,29.95,649.65,371.46
2024-07-02T08:20:00,-52.79,-47.45,997.28,49.57,28.95,3.11,2.84,314.6574,0.1412,35.0000,117.79,61.79,39.41,72.01,45.41,30.11,644.77,368.86
2024-07-02T08:30:00,-90.59,-81.43,997.17,49.32,28.92,2.17,2.14,309.9765,0.1391,35.0000,114.46,60.04,38.56,70.47,45.24,30.06,636.49,364.12
2024-07-02T08:40:00,-120.59,-108.40,996.98,47.82,28.88,3.57,3.15,305.3559,0.1370,35.0000,104.84,54.99,32.94,60.18,43.99,30.01,623.93,356.97
2024-07-02T08:50:00,-117.11,-105.28,996.90,47.11,28.88,3.13,2.69,304.2496,0.1365,35.0000,109.04,57.20,33.06,60.40,43.32,30.01,627.91,359.26
2024-07-02T09:00:00,-104.03,-93.55,996.84,46.19,28.93,8.29,8.24,312.3396,0.1402,35.0000,109.02,57.20,34.02,62.14,42.44,30.09,612.87,350.75
2024-07-02T09:10:00,-97.36,-87.55,996.87,44.85,28.95,11.65,11.65,305.1823,0.1370,35.0000,109.15,57.28,31.06,56.74,41.17,30.13,601.72,344.37
2024-07-02T09:20:00,-126.19,-113.45,996.84,44.57,28.88,2.83,2.83,300.1340,0.1347,35.0000,114.65,60.15,33.48,61.17,40.92,30.03,589.51,337.32
2024-07-02T09:30:00,-98.95,-88.96,996.95,44.60,28.91,2.65,2.65,314.6582,0.1412,35.0000,119.22,62.55,37.01,67.63,40.94,30.07,592.87,339.24
2024-07-02T09:40:00,-116.44,-104.71,996.99,43.07,28.99,3.10,3.10,300.5582,0.1349,35.0000,113.09,59.34,31.94,58.34,39.50,30.18,595.26,340.67
2024-07-02T09:50:00,-120.02,-107.86,997.12,42.81,28.86,3.37,3.37,292.8907,0.1314,35.0000,120.77,63.34,34.19,62.49,39.28,30.03,593.29,339.37
2024-07-02T10:00:00,-126.81,-113.97,997.15,42.88,28.87,2.34,2.34,296.2882,0.1329,35.0000,117.07,61.40,34.39,62.85,39.30,30.06,638.64,365.31
2024-07-02T10:10:00,-131.92,-118.60,997.04,42.41,28.94,2.31,2.31,290.8999,0.1306,35.0000,121.76,63.88,31.35,57.28,38.88,30.13,643.36,368.13
2024-07-02T10:20:00,-129.55,-116.46,997.02,41.79,28.89,6.24,6.24,291.3831,0.1308,35.0000,116.00,60.85,30.78,56.25,38.36,30.06,603.90,345.50
2024-07-02T10:30:00,-148.42,-133.39,996.95,41.20,28.81,5.91,5.91,285.4453,0.1281,35.0000,124.11,65.09,30.58,55.89,37.84,29.96,585.82,335.09
2024-07-02T10:40:00,-158.99,-142.87,996.81,41.40,28.74,2.63,2.63,284.0050,0.1274,35.0000,125.50,65.81,32.95,60.24,37.99,29.89,578.51,330.87
2024-07-02T10:50:00,-165.58,-148.74,996.86,39.94,28.65,1.89,1.89,282.0341,0.1265,35.0000,125.41,65.75,28.81,52.67,36.69,29.82,602.25,344.33
2024-07-02T11:00:00,-167.61,-150.58,996.68,38.56,28.61,1.65,1.65,279.4879,0.1253,34.9626,124.34,65.19,29.57,54.07,35.47,29.78,649.89,371.59
2024-07-02T11:10:00,-163.82,-147.16,996.77,38.24,28.61,1.60,1.60,273.2773,0.1225,34.9907,132.85,69.64,29.27,53.53,35.12,29.82,623.94,356.73
2024-07-02T11:20:00,-152.46,-137.02,996.55,37.96,28.69,3.50,3.50,278.6620,0.1250,35.0000,125.29,65.71,31.91,58.32,34.88,29.88,652.64,373.31
2024-07-02T11:30:00,-153.00,-137.50,996.63,37.39,28.70,1.70,1.70,271.6322,0.1219,35.0000,131.55,68.99,29.56,54.03,34.29,29.96,612.43,350.30
2024-07-02T11:40:00,-152.40,-137.03,996.44,36.58,28.78,1.62,1.62,274.2795,0.1231,35.0000,128.09,67.20,31.04,56.71,33.62,30.00,610.96,349.62
2024-07-02T11:50:00,-139.00,-125.04,996.35,35.91,28.92,1.55,1.55,272.7615,0.1225,35.0000,134.71,70.72,30.95,56.51,32.99,30.14,626.17,358.52
2024-07-02T12:00:00,-145.33,-130.72,996.43,36.20,28.90,1.80,1.80,266.3004,0.1196,35.0000,139.22,73.07,32.14,58.70,33.24,30.12,631.45,361.49
2024-07-02T12:10:00,-158.03,-142.10,996.35,35.19,28.78,1.76,1.76,265.9346,0.1194,35.0000,136.22,71.48,31.19,56.98,32.32,29.98,614.79,351.83
2024-07-02T12:20:00,-136.74,-123.01,996.36,36.10,28.91,2.20,2.20,271.2716,0.1218,35.0000,135.79,71.28,35.14,64.17,33.13,30.12,631.78,361.71
2024-07-02T12:30:00,-141.39,-127.17,996.48,35.84,28.90,2.01,2.01,266.5246,0.1197,35.0000,140.40,73.69,33.77,61.67,32.83,30.16,613.57,351.24
2024-07-02T12:40:00,-145.14,-130.51,996.52,34.55,28.85,1.64,1.64,264.2985,0.1186,35.0000,137.51,72.16,32.45,59.28,31.68,30.08,599.61,343.17
2024-07-02T12:50:00,-146.12,-131.38,996.49,34.31,28.81,1.80,1.80,263.6963,0.1184,35.0000,140.89,73.92,33.32,60.88,31.49,30.01,624.62,357.45
2024-07-02T13:00:00,-142.12,-127.78,996.48,34.04,28.79,1.87,1.87,260.1833,0.1168,35.0000,141.76,74.38,33.03,60.35,31.21,30.01,621.32,355.54
2024-07-02T13:10:00,-146.15,-131.38,996.46,33.88,28.73,2.14,2.14,258.0455,0.1158,35.0000,147.64,77.45,33.46,61.14,31.08,29.92,596.96,341.54
2024-07-02T13:20:00,-141.94,-127.57,996.43,34.47,28.64,5.35,5.35,258.8236,0.1161,35.0000,148.02,77.62,36.81,67.28,31.60,29.83,573.44,328.00
2024-07-02T13:30:00,-128.59,-115.62,996.35,34.75,28.76,3.08,3.08,265.0019,0.1189,35.0000,142.05,74.53,36.86,67.33,31.87,29.94,587.02,335.93
2024-07-02T13:40:00,-128.16,-115.23,996.41,33.80,28.77,1.76,1.76,259.1947,0.1163,35.0000,143.80,75.45,33.09,60.46,30.95,29.99,570.39,326.40
2024-07-02T13:50:00,-123.09,-110.69,996.44,34.19,28.81,1.75,1.75,261.0779,0.1172,35.0000,141.85,74.43,34.78,63.53,31.28,30.04,578.53,331.09
2024-07-02T14:00:00,-116.98,-105.23,996.38,33.65,28.90,1.77,1.77,262.2908,0.1178,35.0000,135.94,71.36,33.81,61.73,30.83,30.11,578.84,331.38
2024-07-02T14:10:00,-121.16,-108.99,996.44,32.39,28.94,4.82,4.82,256.6243,0.1152,35.0000,138.43,72.67,30.73,56.12,29.66,30.18,566.33,324.25
2024-07-02T14:20:00,-127.38,-114.58,996.32,31.45,28.88,1.90,1.90,252.8707,0.1135,35.0000,142.09,74.58,31.86,58.18,28.85,30.09,592.31,339.10
2024-07-02T14:30:00,-127.84,-114.99,996.22,31.96,28.84,1.73,1.73,254.5611,0.1143,35.0000,145.78,76.52,34.59,63.16,29.31,30.02,590.67,338.14
2024-07-02T14:40:00,-125.88,-113.21,996.14,32.35,28.77,1.75,1.75,254.9397,0.1145,35.0000,146.80,77.04,35.39,64.64,29.66,29.94,561.67,321.49
2024-07-02T14:50:00,-112.21,-100.96,996.04,33.21,28.86,1.83,1.83,270.1759,0.1213,35.0000,124.12,65.17,36.35,66.37,30.41,30.05,585.40,335.21
2024-07-02T15:00:00,-88.74,-79.92,995.92,33.17,29.14,1.78,1.78,278.1944,0.1251,35.0000,111.30,58.50,35.93,65.53,30.40,30.34,561.06,321.61
2024-07-02T15:10:00,-71.90,-64.80,995.82,33.26,29.35,1.63,1.63,287.0393,0.1292,35.0095,104.05,54.73,34.66,63.16,30.50,30.55,551.89,316.61
2024-07-02T15:20:00,-60.96,-54.98,995.77,33.59,29.49,1.72,1.72,293.8259,0.1323,35.6762,99.14,52.17,34.98,63.72,30.82,30.68,551.49,316.54
2024-07-02T15:30:00,-56.80,-51.25,995.65,33.97,29.58,1.63,1.63,302.0147,0.1360,35.9340,94.43,49.71,34.57,62.94,31.18,30.77,544.98,312.93
2024-07-02T15:40:00,-48.18,-43.48,995.60,34.33,29.64,1.57,1.57,311.4356,0.1403,36.0000,92.30,48.60,36.38,66.22,31.52,30.83,542.99,311.87
2024-07-02T15:50:00,-46.03,-41.55,995.53,34.58,29.66,1.73,1.73,319.4266,0.1439,36.0000,91.58,48.23,33.90,61.70,31.74,30.85,543.47,312.18
2024-07-02T16:00:00,-43.34,-39.12,995.49,34.74,29.67,1.64,1.64,326.5963,0.1472,36.0000,89.36,47.07,34.22,62.27,31.93,30.86,534.95,307.31
2024-07-02T16:10:00,-41.81,-37.74,995.50,35.03,29.66,1.71,1.71,332.6873,0.1499,36.0000,91.07,47.97,34.23,62.30,32.17,30.86,532.82,306.08
2024-07-02T16:20:00,-35.45,-32.00,995.47,35.22,29.67,1.90,1.90,335.9647,0.1514,36.0000,88.46,46.59,34.42,62.63,32.38,30.87,531.27,305.21
2024-07-02T16:30:00,-35.02,-31.61,995.42,35.44,29.67,1.69,1.69,338.2215,0.1524,36.0000,88.06,46.39,34.05,61.96,32.58,30.87,526.69,302.60
2024-07-02T16:40:00,-25.65,-23.15,995.49,35.66,29.69,1.61,1.61,343.6371,0.1548,36.0000,86.73,45.69,33.45,60.87,32.79,30.88,524.50,301.33
2024-07-02T16:50:00,-17.67,-15.95,995.58,35.87,29.71,1.72,1.72,348.7923,0.1572,36.0000,84.66,44.59,33.10,60.24,32.98,30.89,530.17,304.58
2024-07-02T17:00:00,-12.37,-11.17,995.48,36.09,29.72,1.57,1.57,354.6923,0.1598,36.0000,83.92,44.21,33.73,61.37,33.19,30.90,526.52,302.53
2024-07-02T17:10:00,-3.32,-2.99,995.53,36.31,29.72,1.80,1.80,359.4827,0.1620,36.0000,83.21,43.84,33.66,61.25,33.39,30.91,530.97,305.07
2024-07-02T17:20:00,0.60,0.54,995.60,36.54,29.73,1.70,1.70,363.1428,0.1636,36.0000,82.44,43.43,33.41,60.79,33.58,30.91,540.11,310.30
2024-07-02T17:30:00,3.12,2.82,995.72,36.72,29.73,1.66,1.66,367.1344,0.1654,36.0000,82.73,43.57,33.36,60.72,33.75,30.92,542.24,311.49
2024-07-02T17:40:00,9.30,8.39,995.87,36.84,29.73,1.58,1.58,370.2730,0.1668,36.0000,81.64,42.99,32.45,59.06,33.87,30.92,547.73,314.60
2024-07-02T17:50:00,11.21,10.12,995.97,36.93,29.73,1.65,1.65,371.8540,0.1675,36.0000,82.31,43.34,32.32,58.83,33.95,30.91,548.00,314.72
2024-07-02T18:00:00,12.12,10.93,995.98,37.03,29.72,1.59,1.59,373.2911,0.1681,36.0000,80.91,42.60,31.75,57.79,34.05,30.90,547.23,314.27
2024-07-02T18:10:00,15.58,14.06,996.02,37.11,29.71,1.60,1.60,375.5040,0.1691,36.0000,81.25,42.78,31.88,58.05,34.14,30.88,540.14,310.17
2024-07-02T18:20:00,16.47,14.86,996.07,37.23,29.69,1.58,1.58,377.7944,0.1701,36.0000,80.92,42.60,32.87,59.85,34.25,30.86,546.35,313.70
2024-07-02T18:30:00,19.22,17.33,996.16,37.33,29.68,1.60,1.60,380.8626,0.1715,36.0000,79.60,41.90,31.89,58.07,34.33,30.85,547.81,314.50
2024-07-02T18:40:00,20.65,18.63,996.19,37.41,29.66,1.59,1.59,383.7484,0.1728,36.0000,80.79,42.52,31.59,57.52,34.42,30.83,547.77,314.45
2024-07-02T18:50:00,21.70,19.57,996.25,37.51,29.64,1.59,1.59,387.5466,0.1745,36.0000,79.86,42.03,32.38,58.97,34.50,30.81,534.76,306.94
2024-07-02T19:00:00,28.86,26.03,996.30,37.63,29.63,1.59,1.59,393.0458,0.1769,36.0000,81.26,42.76,32.15,58.56,34.60,30.80,531.50,305.04
2024-07-02T19:10:00,31.21,28.14,996.40,37.79,29.62,1.65,1.65,398.4174,0.1793,36.0000,79.78,41.98,32.35,58.93,34.72,30.80,539.61,309.66
2024-07-02T19:20:00,37.21,33.55,996.59,37.94,29.62,1.64,1.64,405.9146,0.1827,36.0000,80.02,42.09,31.49,57.38,34.83,30.79,533.14,305.89
2024-07-02T19:30:00,40.45,36.46,996.73,38.07,29.63,1.57,1.57,411.8663,0.1853,36.0000,79.22,41.67,31.19,56.84,34.94,30.80,519.81,298.20
2024-07-02T19:40:00,48.35,43.57,996.89,38.20,29.62,1.59,1.59,415.4842,0.1869,36.0000,77.56,40.79,32.32,58.90,35.03,30.80,535.48,307.14
2024-07-02T19:50:00,52.56,47.36,997.02,38.31,29.62,1.66,1.66,416.4268,0.1873,36.0000,78.39,41.22,31.33,57.11,35.14,30.79,536.14,307.47
2024-07-02T20:00:00,56.83,51.20,997.04,38.41,29.61,1.63,1.63,419.4505,0.1887,36.0000,77.33,40.66,32.09,58.49,35.23,30.78,532.26,305.24
2024-07-02T20:10:00,59.65,53.75,997.09,38.50,29.61,1.57,1.57,420.8154,0.1893,36.0000,78.08,41.05,31.58,57.58,35.32,30.78,533.77,306.09
2024-07-02T20:20:00,63.29,57.02,997.23,38.59,29.61,1.68,1.68,422.1337,0.1898,36.0000,77.00,40.48,31.84,58.06,35.40,30.77,528.46,303.00
2024-07-02T20:30:00,65.27,58.80,997.27,38.66,29.61,1.53,1.53,423.7861,0.1906,36.0000,76.62,40.28,31.80,57.98,35.47,30.77,538.26,308.61
2024-07-02T20:40:00,67.58,60.88,997.30,38.74,29.61,1.66,1.66,425.6863,0.1914,36.0000,77.17,40.57,30.94,56.42,35.54,30.77,530.21,303.98
2024-07-02T20:50:00,71.56,64.46,997.36,38.80,29.61,1.67,1.67,427.1106,0.1921,35.9917,77.65,40.82,30.90,56.36,35.59,30.76,540.37,309.78
2024-07-02T21:00:00,72.17,65.00,997.40,38.84,29.61,1.56,1.56,427.9485,0.1924,36.0000,76.39,40.15,31.20,56.90,35.66,30.76,541.60,310.48
2024-07-02T21:10:00,74.21,66.84,997.41,38.91,29.61,1.59,1.59,429.7411,0.1932,35.9905,76.94,40.44,30.24,55.15,35.72,30.76,545.72,312.84
2024-07-02T21:20:00,78.36,70.58,997.38,38.96,29.61,1.64,1.64,431.2872,0.1939,35.9810,77.13,40.54,31.38,57.22,35.77,30.76,534.94,306.67
2024-07-02T21:30:00,78.88,71.05,997.41,38.99,29.61,1.62,1.62,432.4099,0.1944,35.9906,76.76,40.35,30.23,55.13,35.84,30.75,534.55,306.43
2024-07-02T21:40:00,82.42,74.23,997.41,39.05,29.61,1.67,1.67,433.6785,0.1950,36.0000,76.95,40.45,31.56,57.56,35.90,30.76,531.08,304.45
2024-07-02T21:50:00,83.82,75.50,997.35,39.09,29.62,1.75,1.75,435.0737,0.1956,36.0000,77.66,40.82,29.93,54.59,35.95,30.75,536.10,307.34
2024-07-02T22:00:00,85.78,77.28,997.28,39.15,29.61,1.62,1.62,436.0873,0.1961,35.9907,76.41,40.17,29.97,54.66,36.01,30.75,530.37,304.08
2024-07-02T22:10:00,87.15,78.51,997.25,39.22,29.61,1.67,1.67,437.7871,0.1969,36.0000,78.23,41.12,31.23,56.95,36.06,30.75,530.08,303.92
2024-07-02T22:20:00,91.80,82.70,997.23,39.26,29.61,1.70,1.70,438.6417,0.1973,36.0000,76.72,40.33,30.09,54.87,36.10,30.75,531.51,304.74
2024-07-02T22:30:00,93.79,84.50,997.22,39.31,29.61,1.74,1.74,440.4207,0.1981,36.0000,75.53,39.71,30.90,56.33,36.15,30.75,527.62,302.52
2024-07-02T22:40:00,94.23,84.90,997.11,39.36,29.61,1.69,1.69,442.1712,0.1989,35.9909,76.30,40.12,29.82,54.37,36.19,30.75,527.82,302.66
2024-07-02T22:50:00,96.32,86.79,997.07,39.43,29.61,1.74,1.74,443.8276,0.1996,35.9910,75.55,39.72,30.35,55.32,36.27,30.75,522.07,299.38
2024-07-02T23:00:00,98.66,88.89,997.07,39.50,29.61,1.70,1.70,445.5756,0.2004,36.0000,76.70,40.33,30.36,55.36,36.33,30.75,526.77,302.07
2024-07-02T23:10:00,101.95,91.86,997.02,39.51,29.61,1.71,1.71,446.5772,0.2009,35.9732,74.47,39.16,29.38,53.57,36.35,30.74,525.39,301.30
2024-07-02T23:20:00,104.37,94.05,996.98,39.57,29.60,1.79,1.79,447.4221,0.2013,35.9911,77.21,40.60,29.99,54.68,36.39,30.74,529.44,303.63
2024-07-02T23:30:00,105.24,94.83,996.97,39.62,29.60,1.82,1.82,448.3478,0.2017,35.9912,76.07,40.00,30.68,55.92,36.44,30.74,537.69,308.36
2024-07-02T23:40:00,107.00,96.42,996.98,39.67,29.61,1.79,1.79,450.1685,0.2025,36.0000,75.74,39.83,29.56,53.88,36.50,30.74,539.93,309.65
2024-07-02T23:50:00,108.77,98.02,996.88,39.73,29.60,1.84,1.84,451.1502,0.2030,35.9912,77.17,40.58,29.86,54.44,36.54,30.73,540.34,309.91
2024-07-03T00:00:00,111.73,100.69,996.81,39.76,29.59,1.80,1.80,453.4986,0.2040,35.9739,75.18,39.54,30.76,56.07,36.56,30.73,542.58,311.21
2024-07-03T00:10:00,121.27,109.30,996.78,39.76,29.61,1.78,1.78,454.2034,0.2044,35.8938,67.72,35.62,27.99,51.02,36.60,30.72,540.09,309.81
2024-07-03T00:20:00,114.15,102.90,996.70,39.77,29.63,1.78,1.78,453.9303,0.2043,35.9914,75.24,39.58,29.73,54.17,36.64,30.73,527.71,302.75
2024-07-03T00:30:00,113.47,102.28,996.68,39.80,29.62,1.74,1.74,453.8768,0.2042,35.9915,75.97,39.96,30.94,56.38,36.65,30.73,530.29,304.22
2024-07-03T00:40:00,115.12,103.77,996.65,39.86,29.61,1.78,1.78,455.3723,0.2049,36.0000,76.94,40.47,30.67,55.90,36.69,30.73,537.45,308.33
2024-07-03T00:50:00,115.10,103.76,996.56,39.94,29.59,1.81,1.81,457.4185,0.2058,35.9322,74.53,39.21,29.79,54.28,36.74,30.72,534.84,306.84
2024-07-03T01:00:00,117.26,105.70,996.55,39.99,29.58,1.82,1.82,459.1909,0.2066,36.0000,73.70,38.76,31.08,56.63,36.78,30.71,528.97,303.47
2024-07-03T01:10:00,119.60,107.81,996.50,40.02,29.58,1.68,1.68,460.2760,0.2071,35.9412,74.72,39.30,30.06,54.78,36.79,30.71,527.13,302.42
2024-07-03T01:20:00,120.40,108.54,996.44,40.05,29.58,1.72,1.72,461.0337,0.2075,35.9333,74.34,39.11,29.86,54.40,36.82,30.70,529.07,303.55
2024-07-03T01:30:00,120.55,108.67,996.43,40.09,29.57,1.75,1.75,462.3505,0.2081,35.8917,75.09,39.50,30.58,55.73,36.85,30.70,534.61,306.72
2024-07-03T01:40:00,125.51,113.16,996.23,40.12,29.57,1.68,1.68,463.2989,0.2085,35.8750,73.61,38.73,30.09,54.82,36.89,30.70,529.28,303.73
2024-07-03T01:50:00,125.95,113.57,996.14,40.17,29.57,1.68,1.68,464.3381,0.2090,35.9417,76.78,40.40,30.26,55.12,36.93,30.70,529.43,303.84
2024-07-03T02:00:00,125.55,113.22,996.08,40.19,29.57,1.75,1.75,466.0665,0.2098,35.8750,74.38,39.14,29.41,53.56,36.96,30.69,524.89,301.25
2024-07-03T02:10:00,127.93,115.36,996.11,40.23,29.55,1.73,1.73,466.5817,0.2100,35.9000,75.79,39.88,29.58,53.88,36.96,30.69,535.76,307.47
2024-07-03T02:20:00,130.18,117.38,996.17,40.28,29.55,1.73,1.73,466.2632,0.2099,35.8167,75.41,39.67,30.00,54.66,36.98,30.69,523.16,300.21
2024-07-03T02:30:00,129.05,116.34,996.28,40.27,29.54,1.74,1.74,466.2505,0.2098,35.8750,74.59,39.24,29.99,54.64,37.00,30.68,527.69,302.77
2024-07-03T02:40:00,127.90,115.30,996.32,40.33,29.54,1.60,1.60,466.1081,0.2098,35.8250,76.16,40.07,30.33,55.26,37.04,30.67,526.78,302.24
2024-07-03T02:50:00,128.10,115.47,996.41,40.35,29.54,1.71,1.71,466.4449,0.2099,35.8417,75.47,39.70,31.30,57.04,37.08,30.67,529.73,303.90
2024-07-03T03:00:00,126.00,113.57,996.44,40.35,29.54,1.68,1.68,467.0752,0.2102,35.8083,74.89,39.39,29.38,53.55,37.08,30.66,524.59,300.95
2024-07-03T03:10:00,127.06,114.52,996.50,40.38,29.54,1.74,1.74,467.3746,0.2103,35.7667,75.21,39.56,30.09,54.84,37.10,30.66,535.97,307.46
2024-07-03T03:20:00,128.00,115.37,996.51,40.39,29.54,1.61,1.61,467.5049,0.2103,35.7087,75.66,39.79,29.60,53.95,37.10,30.66,534.74,306.74
2024-07-03T03:30:00,125.69,113.29,996.46,40.41,29.54,1.66,1.66,467.1188,0.2102,35.7692,74.52,39.20,30.20,55.03,37.13,30.66,540.16,309.87
2024-07-03T03:40:00,126.66,114.17,996.46,40.41,29.54,1.70,1.70,467.3456,0.2103,35.7596,76.22,40.09,28.43,51.81,37.14,30.67,540.93,310.32
2024-07-03T03:50:00,127.66,115.08,996.51,40.36,29.59,1.69,1.69,467.6397,0.2104,35.9333,75.23,39.58,30.15,54.93,37.10,30.72,523.91,300.58
2024-07-03T04:00:00,128.49,115.86,996.43,40.32,29.64,1.69,1.69,469.5450,0.2113,36.0000,74.93,39.43,28.39,51.72,37.10,30.77,530.90,304.66
2024-07-03T04:10:00,131.17,118.30,996.37,40.29,29.68,1.64,1.64,470.0374,0.2116,36.0000,73.64,38.75,30.33,55.24,37.07,30.80,537.22,308.35
2024-07-03T04:20:00,130.11,117.36,996.44,40.16,29.75,1.75,1.75,471.3805,0.2123,36.0000,74.44,39.18,30.09,54.79,36.95,30.89,538.05,308.88
2024-07-03T04:30:00,130.08,117.34,996.59,40.03,29.83,1.53,1.53,471.6479,0.2124,36.0000,74.64,39.29,29.07,52.93,36.87,30.96,544.77,312.77
2024-07-03T04:40:00,128.70,116.12,996.61,39.92,29.89,1.62,1.62,473.7239,0.2134,36.0000,74.35,39.15,30.04,54.69,36.81,31.00,546.54,313.85
2024-07-03T04:50:00,125.15,112.93,996.62,39.86,29.93,1.61,1.61,477.1960,0.2150,36.0000,74.76,39.37,30.44,55.41,36.77,31.04,544.31,312.61
2024-07-03T05:00:00,123.87,111.78,996.64,39.83,29.96,1.69,1.69,482.9462,0.2176,36.0000,74.82,39.40,29.22,53.19,36.76,31.07,544.61,312.80
2024-07-03T05:10:00,127.63,115.19,996.58,39.86,29.97,1.63,1.63,489.3480,0.2205,36.0000,75.66,39.85,30.84,56.12,36.78,31.08,544.87,312.99
2024-07-03T05:20:00,127.37,114.97,996.53,39.88,29.99,1.58,1.58,494.1501,0.2227,36.0000,74.68,39.34,30.11,54.79,36.81,31.09,539.38,309.87
2024-07-03T05:30:00,128.93,116.39,996.51,39.90,30.01,1.63,1.63,498.3432,0.2246,36.0000,74.91,39.46,29.94,54.47,36.84,31.10,550.01,315.99
2024-07-03T05:40:00,130.87,118.14,996.52,39.94,30.00,1.66,1.66,500.4433,0.2255,36.0000,74.62,39.30,29.99,54.57,36.89,31.10,544.23,312.67
2024-07-03T05:50:00,130.37,117.68,996.50,40.00,30.00,1.68,1.68,501.7279,0.2261,36.0000,75.84,39.95,30.33,55.18,36.93,31.10,554.86,318.77
2024-07-03T06:00:00,133.70,120.69,996.48,40.05,30.00,1.73,1.73,502.4322,0.2264,36.0000,75.38,39.71,31.13,56.65,36.97,31.10,552.66,317.52
2024-07-03T06:10:00,134.43,121.35,996.46,40.11,29.99,1.72,1.72,503.6916,0.2270,36.0000,74.90,39.46,29.59,53.84,37.02,31.09,558.23,320.71
2024-07-03T06:20:00,135.34,122.16,996.46,40.18,29.97,1.64,1.64,505.0368,0.2276,36.0000,76.81,40.46,31.10,56.60,37.07,31.08,556.55,319.73
2024-07-03T06:30:00,135.74,122.51,996.53,40.25,29.95,1.91,1.91,505.9184,0.2279,36.0000,76.66,40.37,31.22,56.82,37.11,31.06,561.00,322.24
2024-07-03T06:40:00,96.17,86.80,996.50,38.38,29.87,1.95,1.95,462.1446,0.2082,35.7500,79.37,41.79,25.86,47.07,35.46,31.00,565.05,324.49
2024-07-03T06:50:00,-106.53,-95.83,996.42,33.79,28.96,2.17,2.17,272.9998,0.1226,34.9487,112.10,58.85,23.19,42.35,31.33,30.02,545.93,312.59
2024-07-03T07:00:00,-133.10,-119.46,996.38,34.95,28.24,2.29,2.29,266.8614,0.1196,34.0513,131.76,69.01,33.10,60.58,32.30,29.27,583.90,333.54
2024-07-03T07:10:00,-137.65,-123.42,996.36,35.81,27.93,2.33,2.33,267.5633,0.1198,34.0000,136.35,71.34,35.90,65.76,32.96,29.00,632.56,360.98
2024-07-03T07:20:00,-81.49,-73.09,996.38,35.83,28.01,2.70,2.70,272.1033,0.1218,34.0000,137.27,71.84,39.41,72.18,32.86,29.16,658.31,375.76
2024-07-03T07:30:00,-92.95,-83.34,996.38,35.71,27.89,2.72,2.72,264.4334,0.1183,34.0000,137.02,71.69,36.05,66.06,32.68,29.07,683.09,389.76
2024-07-03T07:40:00,-92.75,-83.17,996.38,35.34,27.95,2.50,2.50,263.0612,0.1178,34.0000,129.53,67.78,33.88,62.06,32.28,29.18,603.92,344.65
2024-07-03T07:50:00,-46.96,-42.11,996.38,37.32,28.04,2.64,2.64,279.1723,0.1250,34.0000,136.76,71.58,44.12,80.80,34.02,29.28,570.44,325.65
2024-07-03T08:00:00,-8.32,-7.47,996.41,38.85,28.22,2.69,2.69,276.9939,0.1241,34.0250,138.93,72.76,48.07,87.99,35.38,29.46,595.89,340.37
2024-07-03T08:10:00,14.92,13.39,996.43,39.75,28.35,2.82,2.82,280.0899,0.1255,34.2981,134.29,70.35,48.17,88.13,36.21,29.59,739.20,422.39
2024-07-03T08:20:00,35.74,32.11,996.44,39.59,28.54,3.13,3.13,284.6143,0.1276,34.9429,133.88,70.18,46.50,85.03,36.08,29.79,724.85,414.45
2024-07-03T08:30:00,33.08,29.71,996.42,39.53,28.51,3.24,3.24,283.6814,0.1272,34.9439,130.37,68.34,43.35,79.27,36.04,29.76,654.98,374.48
2024-07-03T08:40:00,-57.48,-51.60,996.38,36.09,28.34,2.46,2.46,267.4671,0.1199,34.3704,118.75,62.22,27.48,50.28,33.05,29.57,599.85,342.77
2024-07-03T08:50:00,-93.12,-83.55,996.33,35.00,28.13,2.34,2.34,260.2412,0.1166,34.0000,123.25,64.54,27.49,50.33,32.10,29.29,596.81,340.82
2024-07-03T09:00:00,-106.07,-95.13,996.29,34.76,27.98,2.04,2.04,258.7958,0.1159,34.0000,129.07,67.55,29.18,53.45,31.82,29.17,592.39,338.15
2024-07-03T09:10:00,-102.93,-92.30,996.20,34.88,27.92,1.97,1.97,260.5430,0.1166,34.0000,133.14,69.67,30.83,56.47,31.93,29.08,593.24,338.58
2024-07-03T09:20:00,-98.86,-88.64,996.11,34.86,27.81,2.05,2.05,258.2086,0.1156,34.0000,136.26,71.29,32.55,59.65,31.87,29.00,593.25,338.51
2024-07-03T09:30:00,-99.32,-89.03,996.01,34.71,27.72,2.15,2.15,256.0622,0.1146,34.0000,138.65,72.52,30.95,56.73,31.72,28.90,595.67,339.82
2024-07-03T09:40:00,-87.08,-78.04,995.95,35.58,27.66,2.38,2.38,259.4096,0.1161,34.0000,137.70,72.02,33.85,62.05,32.52,28.83,665.32,379.50
2024-07-03T09:50:00,-65.66,-58.89,995.90,35.24,27.88,2.29,2.29,260.7475,0.1167,34.0000,139.21,72.86,33.14,60.69,32.22,29.06,614.57,350.82
2024-07-03T10:00:00,-52.30,-46.91,995.82,35.53,27.81,2.30,2.30,262.0499,0.1173,34.0000,135.64,70.98,32.92,60.31,32.49,28.99,576.67,329.14
2024-07-03T10:10:00,-53.12,-47.65,995.78,35.28,27.87,2.80,2.80,259.8786,0.1164,34.0000,137.30,71.87,33.74,61.78,32.23,29.06,512.57,292.62
2024-07-03T10:20:00,-74.75,-67.03,995.68,34.96,27.76,2.29,2.29,256.1478,0.1147,34.0000,143.05,74.86,31.20,57.15,31.97,28.93,486.78,277.82
2024-07-03T10:30:00,-84.98,-76.19,995.61,35.01,27.65,2.12,2.12,256.2181,0.1147,33.9917,143.62,75.14,32.29,59.16,32.00,28.82,474.78,270.90
2024-07-03T10:40:00,-80.26,-71.95,995.56,34.93,27.66,2.09,2.09,255.8100,0.1145,34.0000,140.49,73.50,31.29,57.33,31.90,28.84,483.93,276.13
2024-07-03T10:50:00,-60.69,-54.43,995.46,35.47,27.75,2.24,2.24,267.8231,0.1199,34.0000,137.93,72.19,35.95,65.83,32.40,28.93,497.73,284.13
2024-07-03T11:00:00,-14.79,-13.28,995.35,35.74,28.09,3.34,3.34,289.9822,0.1300,34.0000,134.39,70.43,38.01,69.53,32.64,29.30,510.81,291.96
2024-07-03T11:10:00,57.62,51.82,995.33,36.53,28.38,9.06,9.06,336.4344,0.1510,33.6986,141.44,74.19,43.06,78.69,33.54,29.51,568.12,325.05
2024-07-03T11:20:00,176.42,158.90,995.19,36.77,28.91,3.00,3.00,297.3335,0.1337,34.4953,121.50,63.85,39.08,71.27,33.76,30.08,598.65,343.14
2024-07-03T11:30:00,190.97,172.25,995.12,36.65,29.35,2.95,2.95,316.1560,0.1424,35.0280,119.77,63.04,37.69,68.64,33.69,30.52,585.59,336.18
2024-07-03T11:40:00,174.00,157.10,995.01,35.54,29.61,3.10,3.10,319.1112,0.1438,35.8796,122.12,64.34,36.34,66.12,32.77,30.76,610.78,350.98
2024-07-03T11:50:00,165.79,149.77,994.90,35.08,29.76,3.06,3.06,295.8372,0.1334,36.0000,126.40,66.63,37.56,68.30,32.43,30.86,596.54,342.99
2024-07-03T12:00:00,94.45,85.37,994.83,34.98,29.89,2.92,2.92,291.5994,0.1316,36.0000,128.75,67.91,39.37,71.55,32.40,30.97,616.31,354.55
2024-07-03T12:10:00,14.33,12.95,994.69,33.94,29.94,3.05,3.05,269.9609,0.1218,36.0000,135.54,71.51,31.69,57.58,31.45,31.02,581.11,334.40
2024-07-03T12:20:00,-1.93,-1.74,994.59,34.32,29.92,2.74,2.74,276.6559,0.1249,36.0000,141.61,74.72,37.48,68.09,31.81,30.98,567.49,326.58
2024-07-03T12:30:00,11.66,10.55,994.51,34.58,29.99,6.83,6.83,271.1820,0.1224,36.0000,139.99,73.89,37.91,68.85,32.02,31.08,600.65,345.77
2024-07-03T12:40:00,18.63,16.85,994.43,34.85,30.03,3.66,3.66,280.7868,0.1268,36.0000,131.71,69.53,37.85,68.73,32.30,31.09,698.43,402.13
2024-07-03T12:50:00,24.57,22.23,994.40,34.70,30.12,3.10,3.10,288.3009,0.1302,36.0000,124.97,66.00,36.87,66.92,32.13,31.21,756.36,435.63
2024-07-03T13:00:00,29.23,26.47,994.26,34.55,30.26,3.26,3.26,290.6477,0.1314,36.0000,124.57,65.82,38.80,70.39,32.00,31.35,736.51,424.45
2024-07-03T13:10:00,52.42,47.48,994.16,34.62,30.26,3.60,3.60,297.7843,0.1346,36.0000,127.59,67.42,38.94,70.62,32.14,31.30,757.41,436.55
2024-07-03T13:20:00,28.86,26.13,994.05,34.24,30.17,3.35,3.35,281.9416,0.1274,36.0000,137.97,72.90,39.45,71.57,31.80,31.19,685.83,395.21
2024-07-03T13:30:00,28.56,25.86,993.96,34.12,30.16,3.03,3.03,281.7411,0.1274,36.0000,140.93,74.47,39.93,72.44,31.67,31.20,681.44,392.71
2024-07-03T13:40:00,44.49,40.27,993.90,34.22,30.08,8.42,8.42,277.1194,0.1252,36.0000,143.97,76.06,40.23,73.01,31.75,31.12,675.16,389.00
2024-07-03T13:50:00,44.23,40.03,993.79,34.65,29.97,4.52,4.52,296.0985,0.1338,36.0000,148.76,78.57,40.66,73.79,32.13,31.01,607.16,349.74
2024-07-03T14:00:00,13.61,12.32,993.72,34.95,29.92,3.47,3.47,287.9264,0.1301,36.0000,154.30,81.48,43.94,79.75,32.39,30.97,598.87,344.93
2024-07-03T14:10:00,-2.74,-2.48,993.70,35.00,29.91,2.97,2.97,275.8558,0.1246,36.0000,151.53,80.02,41.33,75.03,32.47,30.95,617.54,355.68
2024-07-03T14:20:00,25.97,23.51,993.68,35.38,29.95,3.25,3.25,293.5817,0.1326,36.0000,149.53,78.98,43.44,78.83,32.83,30.98,622.45,358.56
2024-07-03T14:30:00,41.31,37.40,993.65,35.92,30.00,3.17,3.17,294.6398,0.1332,36.0000,148.10,78.24,42.84,77.74,33.29,31.07,639.42,368.41
2024-07-03T14:40:00,60.73,54.99,993.61,35.39,30.06,11.36,11.36,295.6963,0.1337,36.0000,134.42,71.03,39.13,70.99,32.83,31.11,678.28,390.89
2024-07-03T14:50:00,58.84,53.28,993.51,35.35,30.04,7.07,7.07,293.5906,0.1327,36.0000,132.84,70.20,39.54,71.72,32.78,31.11,688.77,396.96
2024-07-03T15:00:00,73.93,66.94,993.40,36.06,30.00,5.46,5.46,286.8517,0.1297,36.0000,142.71,75.41,40.04,72.64,33.44,31.05,656.40,378.29
2024-07-03T15:10:00,56.93,51.55,993.32,36.78,29.99,4.23,4.23,296.0031,0.1338,36.0000,136.32,72.03,39.59,71.81,34.12,31.04,674.89,388.96
2024-07-03T15:20:00,172.20,156.01,993.29,37.04,30.10,3.87,3.87,345.3111,0.1562,36.0000,120.88,63.90,39.17,71.02,34.39,31.14,722.81,416.74
2024-07-03T15:30:00,246.99,223.83,993.22,36.77,30.19,3.91,3.91,345.6889,0.1564,36.0000,110.78,58.58,38.51,69.80,34.17,31.23,725.29,418.33
2024-07-03T15:40:00,232.60,210.84,993.18,36.57,30.24,3.66,3.66,344.2274,0.1558,36.0000,101.00,53.42,37.14,67.30,33.98,31.30,711.97,410.74
2024-07-03T15:50:00,231.30,209.67,993.16,36.58,30.25,3.34,3.34,348.6378,0.1578,36.0000,98.01,51.85,35.92,65.08,34.00,31.30,702.33,405.20
2024-07-03T16:00:00,232.44,210.69,993.16,36.62,30.25,3.13,3.13,351.3385,0.1590,36.0000,97.59,51.62,35.01,63.44,34.05,31.29,696.64,401.90
2024-07-03T16:10:00,209.84,190.19,993.21,36.56,30.23,3.00,3.00,349.5221,0.1581,36.0000,97.06,51.34,34.41,62.36,34.01,31.26,679.82,392.16
2024-07-03T16:20:00,188.06,170.46,993.18,36.50,30.23,2.95,2.95,349.1186,0.1580,36.0000,97.86,51.76,35.13,63.67,33.98,31.24,667.87,385.28
2024-07-03T16:30:00,168.54,152.77,993.21,36.37,30.26,2.73,2.73,345.9999,0.1566,36.0000,97.44,51.54,33.53,60.76,33.83,31.29,659.63,380.55
2024-07-03T16:40:00,167.93,152.25,993.13,36.40,30.29,2.66,2.66,351.5961,0.1591,36.0000,94.21,49.84,34.44,62.39,33.83,31.34,653.93,377.33
2024-07-03T16:50:00,167.83,152.18,993.04,36.46,30.30,2.51,2.51,354.8536,0.1606,36.0000,91.39,48.35,33.28,60.29,33.89,31.35,646.13,372.88
2024-07-03T17:00:00,165.91,150.45,993.00,36.49,30.31,2.38,2.38,358.5331,0.1623,36.0000,89.07,47.13,33.39,60.49,33.94,31.34,633.29,365.49
2024-07-03T17:10:00,151.44,137.32,993.03,36.39,30.31,2.40,2.40,355.9232,0.1611,36.0000,92.48,48.93,32.84,59.49,33.88,31.34,622.59,359.31
2024-07-03T17:20:00,144.45,130.99,993.04,36.39,30.32,2.42,2.42,358.2237,0.1622,36.0000,90.38,47.83,32.46,58.80,33.87,31.34,612.91,353.73
2024-07-03T17:30:00,145.20,131.66,993.06,36.49,30.31,2.37,2.37,364.7582,0.1651,36.0000,87.20,46.14,33.24,60.21,33.97,31.33,613.36,353.96
2024-07-03T17:40:00,144.63,131.12,993.16,36.60,30.28,2.28,2.28,367.6152,0.1664,36.0000,86.56,45.79,32.64,59.14,34.06,31.31,622.60,359.23
2024-07-03T17:50:00,145.98,132.33,993.14,36.76,30.24,2.28,2.28,371.6200,0.1682,36.0000,84.45,44.67,32.23,58.40,34.21,31.26,623.53,359.73
2024-07-03T18:00:00,144.25,130.75,993.07,36.91,30.20,2.23,2.23,373.6071,0.1690,36.0000,84.78,44.84,32.33,58.58,34.32,31.22,622.86,359.31
2024-07-03T18:10:00,141.89,128.61,993.00,37.00,30.17,2.07,2.07,375.7497,0.1700,36.0000,84.93,44.92,32.83,59.50,34.39,31.21,619.21,357.20
2024-07-03T18:20:00,142.62,129.28,993.01,37.01,30.20,1.96,1.96,376.9740,0.1706,36.0000,83.74,44.29,32.26,58.46,34.40,31.23,616.63,355.75
2024-07-03T18:30:00,144.22,130.75,993.04,37.00,30.24,2.08,2.08,379.1294,0.1716,36.0000,85.04,44.99,31.40,56.90,34.39,31.28,598.95,345.59
2024-07-03T18:40:00,137.38,124.53,993.02,37.10,30.19,1.97,1.97,372.9885,0.1688,36.0000,87.45,46.25,31.93,57.87,34.50,31.21,592.36,341.72
2024-07-03T18:50:00,126.08,114.24,993.01,37.32,30.08,2.04,2.04,370.5915,0.1676,36.0000,88.91,47.01,32.97,59.77,34.69,31.10,581.06,335.09
2024-07-03T19:00:00,118.55,107.37,993.11,37.54,29.98,2.14,2.14,371.2558,0.1679,36.0000,88.91,46.99,32.97,59.80,34.86,31.00,580.58,334.67
2024-07-03T19:10:00,116.88,105.83,993.17,37.74,29.92,2.06,2.06,374.3252,0.1692,36.0000,87.48,46.23,33.91,61.52,35.02,30.94,578.57,333.42
2024-07-03T19:20:00,115.03,104.12,993.29,37.88,29.87,2.02,2.02,372.6182,0.1684,36.0000,89.50,47.27,33.55,60.88,35.14,30.90,577.59,332.76
2024-07-03T19:30:00,113.27,102.51,993.43,38.01,29.82,1.94,1.94,372.0760,0.1681,36.0000,88.33,46.64,33.90,61.54,35.26,30.84,571.03,328.89
2024-07-03T19:40:00,110.56,100.04,993.46,38.15,29.79,2.05,2.05,374.8633,0.1693,36.0000,87.35,46.12,33.35,60.54,35.37,30.81,566.64,326.32
2024-07-03T19:50:00,114.89,103.94,993.52,38.31,29.76,2.01,2.01,384.2467,0.1735,35.9917,84.29,44.50,32.93,59.79,35.50,30.79,571.19,328.89
2024-07-03T20:00:00,120.72,109.20,993.56,38.47,29.73,2.14,2.14,388.2392,0.1753,35.9808,85.80,45.29,32.77,59.51,35.64,30.76,569.49,327.86
2024-07-03T20:10:00,121.15,109.57,993.62,38.61,29.70,2.18,2.18,392.7906,0.1773,35.7885,84.63,44.67,32.66,59.31,35.77,30.73,567.29,326.54
2024-07-03T20:20:00,116.66,105.49,993.67,38.73,29.67,2.11,2.11,393.8383,0.1778,35.7788,83.77,44.20,31.72,57.62,35.88,30.71,557.92,321.10
2024-07-03T20:30:00,118.19,106.87,993.72,38.81,29.66,2.06,2.06,396.4162,0.1789,35.7619,81.11,42.80,32.28,58.64,35.94,30.70,551.75,317.52
2024-07-03T20:40:00,117.37,106.12,993.71,38.90,29.64,2.03,2.03,398.3230,0.1798,35.7429,83.13,43.86,31.58,57.37,36.02,30.68,557.75,320.96
2024-07-03T20:50:00,117.30,106.04,993.81,38.96,29.64,2.09,2.09,400.2650,0.1806,35.7453,81.22,42.85,30.30,55.05,36.06,30.68,561.70,323.19
2024-07-03T21:00:00,117.36,106.09,993.87,39.06,29.62,2.04,2.04,402.3079,0.1815,35.7642,81.08,42.77,31.66,57.54,36.13,30.67,553.66,318.53
2024-07-03T21:10:00,115.99,104.85,993.92,39.11,29.62,1.98,1.98,403.0026,0.1818,35.6887,81.88,43.19,30.64,55.68,36.17,30.67,549.88,316.33
2024-07-03T21:20:00,113.86,102.91,993.92,39.18,29.59,1.94,1.94,402.9419,0.1818,35.6729,80.77,42.60,31.35,56.98,36.24,30.64,546.60,314.42
2024-07-03T21:30:00,111.42,100.70,993.94,39.23,29.57,1.99,1.99,403.2920,0.1819,35.6916,82.09,43.29,31.36,56.99,36.28,30.62,545.70,313.88
2024-07-03T21:40:00,109.25,98.72,994.03,39.30,29.55,1.89,1.89,403.9943,0.1822,35.5514,81.40,42.92,31.22,56.75,36.33,30.61,542.53,312.01
2024-07-03T21:50:00,106.58,96.30,994.05,39.37,29.54,1.80,1.80,404.8161,0.1826,35.4259,82.25,43.36,31.03,56.40,36.38,30.60,540.33,310.72
2024-07-03T22:00:00,105.26,95.10,994.11,39.43,29.53,1.80,1.80,408.2828,0.1841,35.3611,80.49,42.44,30.26,55.01,36.43,30.60,542.03,311.68
2024-07-03T22:10:00,109.73,99.13,994.12,39.47,29.53,1.77,1.77,411.0617,0.1854,35.3945,80.07,42.21,30.81,56.01,36.47,30.60,538.28,309.51
2024-07-03T22:20:00,113.44,102.49,994.13,39.49,29.54,1.79,1.79,412.0811,0.1859,35.2844,79.91,42.13,30.82,56.04,36.49,30.60,540.43,310.75
2024-07-03T22:30:00,115.45,104.31,994.10,39.54,29.53,1.90,1.90,414.3770,0.1869,35.3578,78.74,41.51,29.92,54.40,36.53,30.59,550.85,316.75
2024-07-03T22:40:00,117.56,106.21,994.07,39.57,29.53,1.81,1.81,417.2151,0.1882,35.3364,79.06,41.68,31.84,57.88,36.56,30.59,550.72,316.68
2024-07-03T22:50:00,123.70,111.76,994.09,39.61,29.53,1.75,1.75,416.6884,0.1879,35.3000,79.32,41.82,30.62,55.67,36.60,30.59,558.05,320.89
2024-07-03T23:00:00,120.27,108.66,994.02,39.64,29.52,1.81,1.81,415.8978,0.1876,35.3000,77.86,41.05,31.05,56.45,36.63,30.58,548.27,315.28
2024-07-03T23:10:00,118.38,106.96,994.00,39.68,29.52,1.81,1.81,415.8857,0.1876,35.3333,79.59,41.96,29.90,54.36,36.65,30.58,545.82,313.87
2024-07-03T23:20:00,119.61,108.06,994.02,39.70,29.51,1.78,1.78,415.4499,0.1874,35.1982,80.40,42.39,29.70,53.99,36.69,30.57,545.86,313.89
2024-07-03T23:30:00,117.79,106.42,994.03,39.72,29.51,1.67,1.67,414.8553,0.1871,35.1964,80.05,42.20,30.73,55.88,36.70,30.56,545.15,313.47
2024-07-03T23:40:00,115.09,103.97,994.04,39.77,29.49,1.90,1.90,416.1483,0.1877,35.1161,79.80,42.07,30.75,55.91,36.75,30.54,541.59,311.40
2024-07-03T23:50:00,111.12,100.37,994.08,39.83,29.46,1.68,1.68,415.0301,0.1871,35.0089,80.12,42.23,30.67,55.77,36.82,30.50,549.85,316.10
2024-07-04T00:00:00,107.55,97.14,994.13,39.87,29.44,1.59,1.59,416.7699,0.1879,35.0088,78.94,41.61,30.67,55.78,36.85,30.48,553.72,318.29
2024-07-04T00:10:00,115.82,104.61,994.15,39.85,29.46,1.57,1.57,418.1723,0.1885,35.0088,71.89,37.89,27.50,50.02,36.86,30.49,554.73,318.89
2024-07-04T00:20:00,108.22,97.75,994.17,39.82,29.48,1.67,1.67,417.6525,0.1883,35.0265,78.28,41.26,30.38,55.25,36.87,30.49,540.85,310.92
2024-07-04T00:30:00,112.74,101.83,994.16,39.88,29.47,1.60,1.60,418.3346,0.1886,35.0351,77.24,40.71,30.57,55.60,36.89,30.49,544.78,313.17
2024-07-04T00:40:00,110.13,99.47,994.21,39.94,29.46,1.50,1.50,418.4888,0.1887,35.0614,77.21,40.69,29.89,54.37,36.93,30.49,542.28,311.71
2024-07-04T00:50:00,109.67,99.05,994.17,40.00,29.44,1.58,1.58,418.3560,0.1886,35.0348,78.50,41.37,31.87,57.96,36.98,30.48,539.40,310.05
2024-07-04T01:00:00,109.35,98.76,994.17,40.05,29.43,1.61,1.61,418.3018,0.1886,35.0000,77.45,40.82,31.23,56.80,37.01,30.47,546.95,314.38
2024-07-04T01:10:00,106.59,96.25,994.22,40.11,29.42,1.53,1.53,418.0724,0.1885,35.0000,78.17,41.19,30.14,54.83,37.06,30.46,553.90,318.34
2024-07-04T01:20:00,106.91,96.54,994.22,40.16,29.41,1.56,1.56,418.0017,0.1884,35.0000,76.28,40.19,30.52,55.52,37.10,30.45,556.38,319.75
2024-07-04T01:30:00,102.50,92.55,994.29,40.21,29.39,1.60,1.60,419.9981,0.1893,35.0000,77.18,40.66,31.03,56.46,37.15,30.43,555.09,318.97
2024-07-04T01:40:00,105.23,95.00,994.36,40.26,29.38,1.49,1.49,422.9372,0.1906,35.0000,77.04,40.59,29.83,54.28,37.19,30.43,562.49,323.20
2024-07-04T01:50:00,106.64,96.27,994.47,40.30,29.38,1.56,1.56,424.5286,0.1913,35.0000,77.37,40.76,31.52,57.36,37.22,30.43,567.99,326.32
2024-07-04T02:00:00,107.58,97.10,994.52,40.35,29.37,1.58,1.58,425.5439,0.1917,35.0000,77.23,40.68,29.70,54.05,37.26,30.42,564.81,324.47
2024-07-04T02:10:00,103.48,93.39,994.59,40.40,29.36,1.62,1.62,426.2604,0.1920,35.0000,78.72,41.46,29.71,54.08,37.31,30.41,572.35,328.76
2024-07-04T02:20:00,105.01,94.77,994.66,40.43,29.36,1.57,1.57,428.9736,0.1933,35.0000,77.02,40.56,30.45,55.42,37.33,30.40,569.27,326.96
2024-07-04T02:30:00,105.60,95.30,994.70,40.45,29.36,1.57,1.57,429.7392,0.1936,35.0000,77.92,41.03,29.06,52.89,37.36,30.40,567.10,325.70
2024-07-04T02:40:00,104.27,94.08,994.77,40.51,29.34,1.76,1.76,431.4986,0.1944,35.0000,76.70,40.38,29.56,53.81,37.41,30.38,567.58,325.94
2024-07-04T02:50:00,103.69,93.56,994.78,40.54,29.33,1.66,1.66,431.5490,0.1944,35.0000,75.81,39.91,30.55,55.62,37.43,30.38,569.82,327.21
2024-07-04T03:00:00,104.24,94.04,994.84,40.58,29.32,1.76,1.76,432.0016,0.1946,35.0000,77.14,40.61,31.58,57.50,37.47,30.37,573.45,329.27
2024-07-04T03:10:00,103.01,92.93,994.94,40.60,29.32,1.72,1.72,431.9375,0.1945,35.0000,77.58,40.84,30.17,54.94,37.49,30.36,575.59,330.46
2024-07-04T03:20:00,101.84,91.85,995.09,40.62,29.32,1.72,1.72,432.4990,0.1947,35.0000,76.78,40.41,29.96,54.56,37.52,30.36,581.93,334.05
2024-07-04T03:30:00,102.79,92.69,995.32,40.64,29.32,1.70,1.70,434.0880,0.1954,35.0000,76.22,40.11,31.36,57.13,37.54,30.36,582.31,334.19
2024-07-04T03:40:00,101.47,91.48,995.47,40.69,29.30,1.88,1.88,435.0465,0.1958,35.0000,76.43,40.21,30.77,56.07,37.57,30.35,580.81,333.26
2024-07-04T03:50:00,102.78,92.65,995.63,40.71,29.30,1.78,1.78,435.9294,0.1962,35.0000,76.22,40.09,30.13,54.91,37.58,30.36,579.02,332.18
2024-07-04T04:00:00,103.01,92.83,995.81,40.73,29.30,1.78,1.78,436.8080,0.1965,35.0000,77.68,40.85,30.43,55.46,37.60,30.35,580.45,332.94
2024-07-04T04:10:00,104.69,94.34,995.90,40.75,29.30,1.85,1.85,436.8110,0.1965,35.0000,75.66,39.78,30.13,54.92,37.62,30.35,578.84,331.99
2024-07-04T04:20:00,105.56,95.12,996.05,40.77,29.31,1.92,1.92,438.3849,0.1972,35.0000,76.49,40.22,30.13,54.92,37.65,30.35,588.78,337.64
2024-07-04T04:30:00,106.69,96.12,996.15,40.78,29.31,1.89,1.89,439.3228,0.1976,35.0000,76.80,40.38,31.14,56.77,37.66,30.36,585.24,335.59
2024-07-04T04:40:00,110.56,99.61,996.22,40.79,29.33,1.86,1.86,439.9823,0.1979,35.0000,77.19,40.58,30.41,55.44,37.66,30.38,574.27,329.29
2024-07-04T04:50:00,113.42,102.17,996.32,40.82,29.32,1.85,1.85,443.2075,0.1993,35.0000,77.19,40.58,29.70,54.16,37.69,30.37,579.64,332.33
2024-07-04T05:00:00,118.63,106.87,996.37,40.82,29.34,1.94,1.94,443.7997,0.1996,35.0000,78.28,41.15,30.20,55.08,37.69,30.39,581.62,333.47
2024-07-04T05:10:00,121.69,109.62,996.51,40.81,29.36,1.82,1.82,445.2777,0.2002,35.0000,77.46,40.72,30.60,55.80,37.68,30.42,590.41,338.48
2024-07-04T05:20:00,128.60,115.84,996.61,40.81,29.38,1.91,1.91,447.8011,0.2014,35.0000,75.81,39.84,30.07,54.83,37.68,30.44,595.02,341.11
2024-07-04T05:30:00,132.40,119.26,996.67,40.81,29.39,1.96,1.96,450.3513,0.2025,35.0083,77.72,40.85,30.82,56.21,37.68,30.45,594.11,340.58
2024-07-04T05:40:00,140.31,126.37,996.80,40.84,29.39,1.97,1.97,453.0186,0.2037,35.0000,78.44,41.23,30.50,55.63,37.70,30.45,593.02,339.92
2024-07-04T05:50:00,141.48,127.40,996.94,40.86,29.39,2.01,2.01,456.5009,0.2052,35.0000,76.97,40.45,31.58,57.60,37.74,30.44,609.61,349.36
2024-07-04T06:00:00,149.83,134.91,997.02,40.88,29.39,2.05,2.05,457.5519,0.2057,35.0000,77.63,40.79,31.09,56.72,37.75,30.44,603.72,345.97
2024-07-04T06:10:00,155.15,139.71,997.08,40.86,29.43,2.22,2.22,457.4330,0.2056,35.0000,77.41,40.67,30.45,55.54,37.73,30.49,611.64,350.54
2024-07-04T06:20:00,161.70,145.61,997.17,40.82,29.47,2.16,2.16,460.1130,0.2068,35.0000,77.95,40.96,30.78,56.15,37.70,30.53,608.32,348.64
2024-07-04T06:30:00,167.12,150.50,997.27,40.80,29.51,2.08,2.08,461.7417,0.2076,35.0189,78.01,41.00,30.15,54.99,37.68,30.57,601.73,344.87
2024-07-04T06:40:00,170.52,153.57,997.32,40.73,29.54,2.06,2.06,465.3914,0.2092,35.0943,77.90,40.94,30.52,55.67,37.64,30.60,599.34,343.53
2024-07-04T06:50:00,179.74,161.89,997.33,40.67,29.58,2.07,2.07,468.1686,0.2105,35.2453,76.73,40.33,30.52,55.65,37.60,30.63,599.64,343.74
2024-07-04T07:00:00,187.02,168.48,997.34,40.58,29.64,2.08,2.08,468.5761,0.2107,35.5888,75.99,39.95,30.69,55.96,37.51,30.71,604.97,346.86
2024-07-04T07:10:00,181.12,163.19,997.37,40.60,29.70,2.39,2.39,447.3923,0.2012,35.7944,82.22,43.23,31.42,57.28,37.53,30.77,607.65,348.46
2024-07-04T07:20:00,119.54,107.69,997.42,40.73,29.66,2.75,2.75,392.8249,0.1767,35.6759,95.06,49.97,35.88,65.42,37.69,30.70,603.63,346.09
2024-07-04T07:30:00,23.84,21.47,997.46,40.75,29.56,2.68,2.68,348.3888,0.1566,35.2407,103.74,54.51,34.94,63.73,37.65,30.62,583.57,334.46
2024-07-04T07:40:00,1.63,1.47,997.56,41.08,29.51,2.67,2.67,337.1212,0.1515,35.0459,106.04,55.71,37.83,69.02,38.01,30.53,579.69,332.15
2024-07-04T07:50:00,1.54,1.38,997.64,41.77,29.46,2.73,2.73,337.2519,0.1515,35.0000,107.71,56.57,38.75,70.71,38.57,30.50,590.88,338.48
2024-07-04T08:00:00,-6.22,-5.60,997.70,41.81,29.43,2.75,2.75,326.9714,0.1469,35.0000,106.95,56.16,38.80,70.82,38.59,30.48,603.68,345.76
2024-07-04T08:10:00,-38.25,-34.40,997.79,41.71,29.33,2.46,2.46,314.0720,0.1410,35.0000,108.11,56.75,36.11,65.95,38.43,30.42,597.62,342.14
2024-07-04T08:20:00,-57.73,-51.90,997.83,41.86,29.19,2.54,2.54,308.7210,0.1386,35.0000,107.26,56.27,35.38,64.65,38.54,30.28,589.13,337.10
2024-07-04T08:30:00,-57.83,-51.98,997.89,41.97,29.12,2.49,2.49,311.5613,0.1398,35.0000,104.97,55.06,35.46,64.81,38.67,30.20,589.91,337.47
2024-07-04T08:40:00,-35.40,-31.82,997.98,41.90,29.23,5.30,5.30,320.4374,0.1438,35.0000,99.83,52.38,34.38,62.82,38.55,30.35,632.67,362.02
2024-07-04T08:50:00,-11.15,-10.02,998.08,42.20,29.05,14.81,14.81,298.2788,0.1338,35.0000,113.72,59.62,36.67,67.04,38.88,30.12,637.23,364.38
2024-07-04T09:00:00,-27.42,-24.62,998.10,42.74,28.87,9.44,9.44,295.3994,0.1324,35.0000,115.64,60.59,37.15,67.97,39.41,29.90,657.30,375.62
2024-07-04T09:10:00,-47.52,-42.62,998.22,44.13,28.58,7.96,7.96,288.2576,0.1291,34.7168,121.64,63.67,37.64,68.93,40.54,29.66,620.04,353.95
2024-07-04T09:20:00,-64.61,-57.90,998.30,44.83,28.37,4.41,4.41,287.8300,0.1288,34.0000,121.27,63.42,38.14,69.91,41.23,29.42,625.75,356.93
2024-07-04T09:30:00,-43.98,-39.41,998.38,45.04,28.34,4.16,4.16,290.6099,0.1300,34.0000,120.36,62.94,37.63,68.99,41.47,29.38,617.02,351.88
2024-07-04T09:40:00,-15.17,-13.60,998.32,45.09,28.37,4.92,4.92,295.5178,0.1322,34.0000,116.56,60.95,37.70,69.10,41.45,29.43,620.44,353.88
2024-07-04T09:50:00,4.61,4.13,998.33,45.91,28.40,4.98,4.98,293.1141,0.1311,34.0000,121.25,63.42,41.54,76.13,42.22,29.47,603.36,344.18
2024-07-04T10:00:00,-10.18,-9.12,998.31,45.58,28.39,4.46,4.46,292.9907,0.1311,34.0000,119.93,62.72,37.52,68.76,41.91,29.47,611.40,348.76
2024-07-04T10:10:00,-0.37,-0.33,998.35,44.59,28.47,4.40,4.40,309.6020,0.1386,34.1391,101.26,52.97,33.73,61.81,41.06,29.55,665.85,379.91
2024-07-04T10:20:00,31.50,28.26,998.33,42.73,28.68,4.89,4.89,321.8604,0.1441,34.8707,86.91,45.50,30.04,55.01,39.33,29.80,750.33,428.41
2024-07-04T10:30:00,49.00,43.99,998.27,42.10,28.87,5.90,5.90,327.9735,0.1470,35.0000,84.17,44.09,30.06,55.00,38.74,29.99,801.98,458.21
2024-07-04T10:40:00,68.88,61.87,998.29,41.48,29.06,7.21,7.21,334.6954,0.1501,35.0000,79.81,41.84,29.16,53.32,38.13,30.20,830.27,474.68
2024-07-04T10:50:00,80.57,72.40,998.31,40.94,29.21,8.64,8.64,340.2682,0.1527,35.0000,79.94,41.92,28.59,52.25,37.62,30.36,855.61,489.39
2024-07-04T11:00:00,81.24,73.04,998.26,40.63,29.31,9.34,9.34,346.0350,0.1553,35.0000,80.18,42.06,28.82,52.65,37.43,30.44,882.94,505.21
2024-07-04T11:10:00,88.27,79.40,998.25,40.53,29.45,8.90,8.90,351.1249,0.1577,35.0000,79.26,41.60,30.35,55.42,37.36,30.57,899.93,515.18
2024-07-04T11:20:00,92.54,83.27,998.26,40.49,29.56,8.64,8.64,356.2345,0.1600,35.0424,81.00,42.53,30.41,55.52,37.33,30.68,898.31,514.43
2024-07-04T11:30:00,98.56,88.71,998.25,40.43,29.63,8.77,8.77,360.4635,0.1620,35.3361,80.16,42.10,30.07,54.88,37.31,30.75,879.87,504.01
2024-07-04T11:40:00,106.05,95.47,998.18,40.55,29.68,8.71,8.71,365.6694,0.1643,35.7143,82.52,43.35,31.13,56.80,37.45,30.78,875.10,501.39
2024-07-04T11:50:00,92.46,83.24,998.12,40.74,29.68,9.86,9.86,356.2938,0.1601,35.7395,89.75,47.15,32.89,60.01,37.69,30.74,831.09,476.20
2024-07-04T12:00:00,62.11,55.92,997.99,40.60,29.68,7.42,7.42,344.2980,0.1548,35.7167,93.60,49.18,34.02,62.07,37.60,30.71,780.94,447.51
2024-07-04T12:10:00,48.29,43.48,997.93,40.31,29.70,6.01,6.01,337.2871,0.1516,35.7250,93.88,49.33,33.53,61.16,37.33,30.76,762.63,437.07
2024-07-04T12:20:00,38.82,34.96,997.91,40.07,29.72,4.84,4.84,331.6976,0.1491,35.7667,94.87,49.86,32.42,59.14,37.08,30.79,733.86,420.62
2024-07-04T12:30:00,38.90,35.03,997.87,40.10,29.72,4.43,4.43,331.2111,0.1489,35.8167,94.64,49.74,32.23,58.78,37.13,30.78,749.85,429.81
2024-07-04T12:40:00,39.62,35.68,997.90,40.00,29.73,5.17,5.17,333.5204,0.1499,35.8250,94.86,49.85,33.49,61.09,37.03,30.80,745.39,427.25
2024-07-04T12:50:00,44.18,39.79,997.88,39.93,29.73,6.92,6.92,331.5450,0.1491,35.7500,96.51,50.72,34.49,62.90,36.94,30.82,731.31,419.20
2024-07-04T13:00:00,45.24,40.75,997.82,39.86,29.76,5.15,5.15,329.2410,0.1480,35.7833,97.61,51.31,34.35,62.65,36.85,30.86,722.88,414.42
2024-07-04T13:10:00,49.06,44.21,997.75,39.85,29.79,4.41,4.41,331.7622,0.1492,35.9417,94.42,49.64,34.58,63.05,36.82,30.91,721.04,413.45
2024-07-04T13:20:00,66.39,59.82,997.68,40.01,29.82,4.50,4.50,341.2209,0.1535,35.9917,91.33,48.02,33.73,61.49,37.03,30.90,754.71,432.83
2024-07-04T13:30:00,77.89,70.20,997.65,40.08,29.85,4.26,4.26,347.2752,0.1562,36.0000,87.61,46.08,32.62,59.46,37.10,30.93,781.61,448.31
2024-07-04T13:40:00,89.15,80.36,997.64,40.10,29.90,3.97,3.97,352.9173,0.1588,36.0000,84.58,44.49,33.39,60.85,37.11,30.98,784.79,450.20
2024-07-04T13:50:00,102.88,92.74,997.66,40.10,29.94,3.82,3.82,358.3120,0.1612,36.0000,83.55,43.95,32.16,58.60,37.12,31.02,794.84,456.03
2024-07-04T14:00:00,109.48,98.70,997.72,40.11,29.97,3.87,3.87,364.0552,0.1638,36.0000,83.11,43.72,32.29,58.84,37.13,31.06,807.55,463.35
2024-07-04T14:10:00,113.69,102.51,997.74,40.07,30.02,3.65,3.65,369.5451,0.1663,36.0000,81.92,43.10,32.39,59.01,37.10,31.11,814.74,467.53
2024-07-04T14:20:00,122.14,110.14,997.74,40.06,30.07,3.39,3.39,374.1178,0.1684,36.0000,81.47,42.87,30.65,55.84,37.08,31.16,820.52,470.92
2024-07-04T14:30:00,126.28,113.89,997.77,40.02,30.11,3.30,3.30,379.5294,0.1709,36.0000,80.11,42.16,31.37,57.14,37.03,31.21,838.75,481.43
2024-07-04T14:40:00,123.28,111.18,997.77,40.06,30.10,3.10,3.10,386.3547,0.1739,36.0000,81.34,42.81,31.97,58.24,37.09,31.20,842.43,483.54
2024-07-04T14:50:00,123.89,111.74,997.65,40.19,30.09,3.02,3.02,388.5610,0.1749,36.0000,81.35,42.81,31.81,57.93,37.19,31.19,856.24,491.50
2024-07-04T15:00:00,129.35,116.66,997.63,40.22,30.08,2.99,2.99,390.9063,0.1760,36.0000,82.32,43.33,32.13,58.52,37.19,31.19,858.16,492.60
2024-07-04T15:10:00,126.09,113.72,997.59,40.24,30.06,2.62,2.62,392.4711,0.1767,36.0000,80.96,42.61,32.34,58.90,37.22,31.17,847.66,486.57
2024-07-04T15:20:00,126.48,114.08,997.55,40.24,30.07,2.81,2.81,394.1900,0.1775,36.0000,81.42,42.85,31.81,57.93,37.23,31.17,832.38,477.81
2024-07-04T15:30:00,129.18,116.52,997.50,40.26,30.06,2.64,2.64,397.3847,0.1789,36.0000,79.18,41.67,30.80,56.09,37.25,31.16,835.21,479.46
2024-07-04T15:40:00,131.51,118.62,997.40,40.29,30.05,2.49,2.49,400.8997,0.1805,36.0000,80.08,42.15,31.98,58.24,37.27,31.15,815.15,467.97
2024-07-04T15:50:00,135.94,122.63,997.37,40.29,30.05,2.48,2.48,404.5130,0.1822,36.0000,80.69,42.47,31.78,57.87,37.28,31.15,799.75,459.15
2024-07-04T16:00:00,136.49,123.13,997.32,40.29,30.06,2.17,2.17,407.9482,0.1837,36.0000,81.00,42.64,31.12,56.67,37.25,31.17,795.74,456.87
2024-07-04T16:10:00,139.79,126.10,997.36,40.28,30.07,2.25,2.25,413.4561,0.1862,36.0000,79.80,42.01,30.87,56.20,37.24,31.18,786.10,451.34
2024-07-04T16:20:00,144.22,130.10,997.39,40.29,30.07,2.29,2.29,420.2901,0.1893,36.0000,79.45,41.83,30.59,55.70,37.27,31.17,788.02,452.43
2024-07-04T16:30:00,144.72,130.55,997.42,40.30,30.08,2.14,2.14,428.1577,0.1928,36.0000,80.36,42.30,31.20,56.81,37.25,31.19,773.07,443.84
2024-07-04T16:40:00,146.55,132.20,997.42,40.30,30.08,2.07,2.07,435.9571,0.1963,36.0000,78.74,41.45,31.41,57.20,37.25,31.20,775.92,445.48
2024-07-04T16:50:00,150.86,136.07,997.45,40.36,30.05,2.18,2.18,445.0305,0.2004,36.0000,77.35,40.71,30.69,55.89,37.31,31.16,773.46,444.01
2024-07-04T17:00:00,152.19,137.26,997.42,40.44,30.01,2.36,2.36,451.3839,0.2032,36.0000,77.82,40.96,30.69,55.90,37.39,31.13,767.40,440.50
2024-07-04T17:10:00,157.40,141.96,997.39,40.47,30.01,2.06,2.06,456.3411,0.2055,36.0000,78.68,41.41,31.53,57.43,37.41,31.13,764.13,438.62
2024-07-04T17:20:00,159.61,143.95,997.42,40.49,30.01,2.29,2.29,463.4646,0.2087,36.0000,77.46,40.76,31.68,57.70,37.45,31.11,752.08,431.70
2024-07-04T17:30:00,166.57,150.21,997.51,40.53,30.00,2.37,2.37,484.9965,0.2183,36.0000,77.33,40.70,32.29,58.81,37.52,31.08,751.20,431.14
2024-07-04T17:40:00,174.34,157.20,997.62,40.54,30.00,2.40,2.40,491.8546,0.2214,36.0000,77.61,40.84,30.66,55.86,37.58,31.05,757.13,434.50
2024-07-04T17:50:00,181.16,163.36,997.71,40.48,30.05,2.35,2.35,491.1347,0.2211,36.0000,77.50,40.78,31.11,56.66,37.54,31.10,754.25,432.88
2024-07-04T18:00:00,187.94,169.50,997.77,40.38,30.12,2.37,2.37,491.0653,0.2211,36.0000,76.73,40.38,31.00,56.46,37.46,31.16,749.45,430.19
2024-07-04T18:10:00,190.72,172.05,997.81,40.24,30.20,2.14,2.14,492.2760,0.2217,36.0000,76.82,40.44,30.15,54.90,37.34,31.24,754.72,433.31
2024-07-04T18:20:00,193.87,174.92,997.88,40.10,30.27,2.13,2.13,495.0798,0.2230,36.0000,74.74,39.35,29.48,53.67,37.23,31.32,751.00,431.25
2024-07-04T18:30:00,199.83,180.31,998.00,40.00,30.32,2.07,2.07,498.2009,0.2244,36.0000,75.70,39.86,30.47,55.46,37.16,31.36,745.48,428.10
2024-07-04T18:40:00,199.00,179.52,998.01,40.10,30.26,1.89,1.89,500.9907,0.2256,36.0000,76.46,40.25,30.51,55.55,37.23,31.31,743.00,426.59
2024-07-04T18:50:00,196.09,176.81,998.09,40.37,30.13,1.88,1.88,503.3967,0.2266,36.0000,77.00,40.51,31.03,56.54,37.44,31.18,742.12,425.87
2024-07-04T19:00:00,190.52,171.69,998.28,40.61,30.01,1.78,1.78,505.3619,0.2273,36.0000,77.26,40.62,31.27,57.00,37.64,31.06,739.45,424.09
2024-07-04T19:10:00,187.08,168.51,998.40,40.80,29.92,1.92,1.92,504.9878,0.2271,36.0000,77.53,40.75,31.19,56.89,37.81,30.96,739.11,423.71
2024-07-04T19:20:00,183.64,165.33,998.58,40.99,29.83,1.88,1.88,500.9188,0.2251,36.0000,81.12,42.62,32.45,59.20,37.97,30.87,738.40,423.10
2024-07-04T19:30:00,180.57,162.50,998.68,41.17,29.74,1.94,1.94,497.2328,0.2234,36.0000,80.59,42.32,33.42,61.00,38.11,30.79,721.64,413.33
2024-07-04T19:40:00,179.61,161.58,998.80,41.33,29.66,1.65,1.65,495.2194,0.2224,35.8103,80.81,42.42,32.97,60.21,38.22,30.73,708.34,405.57
2024-07-04T19:50:00,176.88,159.08,998.91,41.44,29.61,1.67,1.67,492.8567,0.2213,35.7759,81.11,42.57,32.61,59.56,38.34,30.66,703.87,402.89
2024-07-04T20:00:00,180.44,162.23,999.05,41.54,29.57,1.64,1.64,491.9193,0.2208,35.4444,80.98,42.49,31.60,57.73,38.42,30.62,701.93,401.67
2024-07-04T20:10:00,184.07,165.47,999.11,41.61,29.53,1.56,1.56,493.7852,0.2216,35.3590,79.81,41.87,32.12,58.69,38.47,30.59,695.54,397.94
2024-07-04T20:20:00,183.18,164.65,999.14,41.67,29.51,1.50,1.50,495.5399,0.2224,35.2373,80.30,42.12,32.55,59.48,38.51,30.57,690.64,395.10
2024-07-04T20:30:00,184.13,165.48,999.23,41.70,29.50,1.56,1.56,497.7394,0.2233,35.1271,80.34,42.14,31.10,56.84,38.54,30.56,692.85,396.31
2024-07-04T20:40:00,185.44,166.64,999.34,41.73,29.48,1.44,1.44,498.6457,0.2237,35.0924,79.42,41.65,31.11,56.87,38.57,30.54,689.17,394.14
2024-07-04T20:50:00,187.32,168.30,999.43,41.75,29.47,1.45,1.45,500.2568,0.2244,35.0588,79.03,41.44,31.24,57.12,38.57,30.53,685.33,391.89
2024-07-04T21:00:00,185.42,166.58,999.46,41.78,29.45,1.46,1.46,502.3574,0.2253,35.0168,80.07,41.98,32.00,58.51,38.61,30.51,680.89,389.32
2024-07-04T21:10:00,191.34,171.87,999.55,41.80,29.44,1.43,1.43,503.7464,0.2259,35.0167,78.28,41.03,30.52,55.82,38.63,30.50,678.63,387.98
2024-07-04T21:20:00,189.18,169.93,999.63,41.80,29.44,1.43,1.43,504.6828,0.2263,35.0167,79.31,41.57,31.33,57.29,38.63,30.49,676.19,386.55
2024-07-04T21:30:00,185.09,166.23,999.70,41.83,29.42,1.41,1.41,505.4355,0.2266,35.0083,79.47,41.65,30.12,55.08,38.65,30.48,672.99,384.67
2024-07-04T21:40:00,183.63,164.89,999.81,41.86,29.41,1.42,1.42,507.2205,0.2274,35.0000,78.91,41.35,31.22,57.12,38.68,30.46,660.31,377.36
2024-07-04T21:50:00,185.48,166.55,999.82,41.88,29.40,1.40,1.40,509.0983,0.2282,35.0000,78.71,41.24,30.70,56.17,38.70,30.46,664.28,379.62
2024-07-04T22:00:00,190.57,171.10,999.87,41.93,29.38,1.46,1.46,510.6265,0.2289,35.0000,78.78,41.27,30.72,56.21,38.73,30.44,664.92,379.94
2024-07-04T22:10:00,191.76,172.15,999.88,41.96,29.37,1.31,1.31,512.1704,0.2295,35.0000,78.38,41.06,30.56,55.91,38.75,30.43,656.46,375.09
2024-07-04T22:20:00,192.36,172.69,999.88,41.97,29.36,1.33,1.33,513.2169,0.2300,35.0000,77.46,40.58,30.67,56.11,38.77,30.42,647.02,369.68
2024-07-04T22:30:00,193.40,173.60,999.94,42.01,29.35,1.36,1.36,514.3545,0.2305,35.0000,79.16,41.47,29.59,54.15,38.80,30.41,650.75,371.78
2024-07-04T22:40:00,195.01,175.05,999.93,42.04,29.34,1.36,1.36,515.1391,0.2308,35.0000,77.02,40.34,29.19,53.41,38.81,30.41,648.46,370.46
2024-07-04T22:50:00,197.24,177.06,999.85,42.06,29.33,1.27,1.27,516.4910,0.2314,35.0000,77.59,40.64,30.84,56.43,38.83,30.40,651.65,372.30
2024-07-04T23:00:00,199.67,179.23,999.86,42.11,29.31,1.26,1.26,517.2998,0.2318,35.0000,77.65,40.67,30.03,54.95,38.86,30.38,654.93,374.16
2024-07-04T23:10:00,201.22,180.62,999.87,42.12,29.31,1.32,1.32,518.3795,0.2323,35.0000,77.83,40.76,30.22,55.30,38.88,30.37,653.15,373.13
2024-07-04T23:20:00,202.14,181.44,999.86,42.13,29.30,1.25,1.25,518.7421,0.2324,35.0000,78.23,40.98,29.60,54.16,38.90,30.36,646.22,369.16
2024-07-04T23:30:00,201.10,180.49,999.89,42.16,29.29,1.25,1.25,518.9670,0.2325,35.0000,77.58,40.63,30.58,55.96,38.93,30.35,642.58,367.06
2024-07-04T23:40:00,198.36,178.02,999.91,42.21,29.27,1.27,1.27,519.4533,0.2327,35.0000,78.55,41.14,30.12,55.13,38.96,30.34,638.82,364.89
2024-07-04T23:50:00,198.58,178.21,999.94,42.23,29.26,1.26,1.26,519.9153,0.2329,35.0000,78.02,40.86,31.07,56.87,38.99,30.33,635.03,362.70
2024-07-05T00:00:00,199.12,178.67,1000.02,42.25,29.26,1.26,1.26,520.2248,0.2330,35.0000,78.09,40.89,29.41,53.84,39.01,30.31,641.11,366.13
2024-07-05T00:10:00,207.94,186.59,1000.07,42.23,29.27,1.35,1.35,521.0048,0.2334,35.0000,71.25,37.31,26.79,49.04,39.03,30.30,641.27,366.22
2024-07-05T00:20:00,199.73,179.22,1000.14,42.20,29.29,1.16,1.16,521.3753,0.2335,35.0000,76.07,39.83,30.35,55.55,39.02,30.31,634.42,362.30
2024-07-05T00:30:00,199.75,179.22,1000.21,42.23,29.27,1.25,1.25,521.8189,0.2337,35.0000,75.95,39.76,30.18,55.26,39.03,30.32,629.25,359.31
2024-07-05T00:40:00,200.36,179.74,1000.26,42.29,29.25,1.23,1.23,522.3849,0.2339,35.0000,77.33,40.48,30.35,55.57,39.07,30.30,628.18,358.65
2024-07-05T00:50:00,195.82,175.64,1000.38,42.33,29.23,1.14,1.14,521.6454,0.2336,35.0000,77.46,40.54,29.85,54.66,39.10,30.29,622.96,355.61
2024-07-05T01:00:00,196.82,176.52,1000.39,42.34,29.23,1.11,1.11,522.2629,0.2338,35.0000,77.85,40.74,29.90,54.75,39.12,30.27,631.37,360.40
2024-07-05T01:10:00,196.91,176.61,1000.35,42.37,29.21,1.15,1.15,522.8583,0.2341,35.0000,77.09,40.34,30.22,55.35,39.14,30.26,629.29,359.21
2024-07-05T01:20:00,193.87,173.88,1000.36,42.39,29.20,1.19,1.19,523.0391,0.2342,35.0000,75.88,39.71,30.57,55.99,39.17,30.25,624.15,356.26
2024-07-05T01:30:00,189.95,170.35,1000.31,42.42,29.19,1.11,1.11,523.1226,0.2342,35.0000,77.20,40.40,30.64,56.13,39.19,30.23,625.63,357.10
2024-07-05T01:40:00,190.37,170.75,1000.24,42.41,29.19,1.09,1.09,523.4686,0.2344,35.0000,76.27,39.92,29.09,53.28,39.17,30.24,627.00,357.92
2024-07-05T01:50:00,190.55,170.92,1000.14,42.43,29.19,1.09,1.09,523.4250,0.2344,35.0000,76.13,39.85,29.95,54.84,39.19,30.24,625.06,356.84
2024-07-05T02:00:00,188.62,169.19,1000.13,42.45,29.18,1.09,1.09,524.2870,0.2348,35.0000,76.18,39.87,30.72,56.25,39.22,30.22,618.27,352.96
2024-07-05T02:10:00,188.40,168.98,1000.11,42.47,29.16,1.04,1.04,525.3166,0.2352,35.0000,76.84,40.22,29.21,53.49,39.24,30.20,620.78,354.38
2024-07-05T02:20:00,186.33,167.12,1000.10,42.50,29.15,1.12,1.12,524.9059,0.2350,35.0000,76.88,40.24,30.54,55.92,39.27,30.20,610.28,348.38
2024-07-05T02:30:00,183.78,164.83,1000.15,42.49,29.16,1.16,1.16,525.0790,0.2351,35.0000,75.04,39.28,29.54,54.09,39.24,30.22,614.02,350.50
2024-07-05T02:40:00,182.02,163.24,1000.23,42.50,29.16,0.98,0.98,524.3112,0.2347,35.0000,74.69,39.09,30.89,56.57,39.25,30.21,618.45,353.00
2024-07-05T02:50:00,181.81,163.02,1000.34,42.54,29.14,1.04,1.04,524.7397,0.2349,35.0000,76.13,39.83,30.29,55.48,39.28,30.20,614.02,350.42
2024-07-05T03:00:00,177.66,159.28,1000.49,42.56,29.14,1.02,1.02,524.7358,0.2348,35.0000,77.18,40.38,30.51,55.90,39.31,30.19,617.66,352.44
2024-07-05T03:10:00,177.49,159.10,1000.67,42.57,29.14,1.01,1.01,524.9441,0.2349,35.0000,74.60,39.02,30.13,55.22,39.32,30.19,618.85,353.05
2024-07-05T03:20:00,175.04,156.88,1000.75,42.60,29.12,0.99,0.99,525.4707,0.2351,35.0000,76.29,39.90,29.73,54.49,39.35,30.17,611.48,348.80
2024-07-05T03:30:00,174.20,156.11,1000.85,42.61,29.12,1.10,1.10,524.7120,0.2347,35.0000,76.64,40.08,29.68,54.40,39.36,30.17,606.76,346.07
2024-07-05T03:40:00,172.48,154.57,1000.89,42.60,29.13,0.93,0.93,523.4147,0.2342,35.0000,75.15,39.30,29.82,54.66,39.37,30.17,608.97,347.33
2024-07-05T03:50:00,173.45,155.45,1000.93,42.56,29.16,1.05,1.05,522.2661,0.2337,35.0000,75.86,39.67,30.66,56.19,39.32,30.21,612.07,349.12
2024-07-05T04:00:00,170.48,152.79,1001.01,42.50,29.21,1.06,1.06,518.4538,0.2320,35.0000,74.84,39.15,29.62,54.28,39.26,30.27,618.39,352.75
2024-07-05T04:10:00,170.16,152.52,1001.11,42.47,29.25,1.03,1.03,513.8372,0.2299,35.0000,75.72,39.60,29.92,54.83,39.15,30.36,616.36,351.61
2024-07-05T04:20:00,166.99,149.67,1001.28,42.42,29.30,1.18,1.18,510.6857,0.2285,35.0000,74.75,39.10,29.80,54.62,39.03,30.45,620.90,354.20
2024-07-05T04:30:00,167.51,150.15,1001.40,42.35,29.35,1.05,1.05,509.9729,0.2282,35.0000,74.94,39.20,29.40,53.87,38.93,30.53,633.22,361.25
2024-07-05T04:40:00,161.99,145.21,1001.46,42.28,29.39,1.15,1.15,509.5210,0.2280,35.0000,74.43,38.93,28.66,52.52,38.88,30.56,633.23,361.28
2024-07-05T04:50:00,156.14,139.97,1001.56,42.25,29.42,1.14,1.14,509.5422,0.2280,35.0000,76.22,39.87,30.24,55.41,38.85,30.59,628.00,358.29
2024-07-05T05:00:00,156.59,140.37,1001.66,42.21,29.45,1.19,1.19,508.6339,0.2276,35.0000,75.32,39.40,29.41,53.89,38.84,30.61,636.31,363.03
2024-07-05T05:10:00,153.83,137.90,1001.69,42.21,29.46,1.24,1.24,507.4805,0.2271,35.0000,75.89,39.70,30.20,55.34,38.86,30.61,640.10,365.19
2024-07-05T05:20:00,157.61,141.29,1001.62,42.21,29.47,1.44,1.44,505.7370,0.2263,35.0000,75.55,39.53,30.27,55.46,38.87,30.61,637.59,363.80
2024-07-05T05:30:00,162.84,146.00,1001.57,42.21,29.48,1.52,1.52,503.7615,0.2255,35.0000,76.05,39.79,31.42,57.57,38.87,30.62,635.36,362.56
2024-07-05T05:40:00,164.86,147.80,1001.73,42.21,29.50,1.49,1.49,503.4502,0.2253,35.0000,75.50,39.50,29.62,54.28,38.87,30.64,631.63,360.39
2024-07-05T05:50:00,166.80,149.52,1001.84,42.20,29.51,1.66,1.66,504.6895,0.2259,35.0000,78.71,41.17,30.51,55.91,38.88,30.65,629.98,359.43
2024-07-05T06:00:00,170.50,152.84,1001.94,42.17,29.54,1.58,1.58,506.5481,0.2267,35.0000,77.12,40.34,30.86,56.56,38.87,30.66,628.49,358.57
2024-07-05T06:10:00,171.96,154.14,1002.02,42.17,29.55,1.62,1.62,508.6967,0.2276,35.0083,76.66,40.10,30.92,56.67,38.90,30.66,638.47,364.25
2024-07-05T06:20:00,174.16,156.11,1002.11,42.17,29.56,1.70,1.70,510.4401,0.2284,35.1083,78.71,41.17,31.19,57.17,38.93,30.66,641.27,365.83
2024-07-05T06:30:00,177.28,158.90,1002.20,42.16,29.58,1.69,1.69,511.7156,0.2290,35.1500,76.91,40.23,30.24,55.43,38.93,30.67,641.86,366.15
2024-07-05T06:40:00,181.63,162.80,1002.24,42.15,29.59,1.82,1.82,511.9133,0.2291,35.1833,76.54,40.03,31.14,57.07,38.92,30.69,646.30,368.69
2024-07-05T06:50:00,183.20,164.21,1002.29,42.15,29.61,1.75,1.75,512.4900,0.2293,35.3500,77.72,40.65,30.79,56.42,38.96,30.69,643.09,366.86
2024-07-05T07:00:00,188.53,169.00,1002.31,42.10,29.65,1.80,1.80,513.6663,0.2299,35.4667,76.53,40.03,30.34,55.60,38.89,30.74,640.66,365.51
2024-07-05T07:10:00,195.72,175.46,1002.34,42.05,29.68,1.74,1.74,516.1826,0.2310,35.7333,76.48,40.01,30.77,56.39,38.85,30.77,647.54,369.46
2024-07-05T07:20:00,202.30,181.38,1002.30,42.00,29.71,1.83,1.83,518.0865,0.2319,35.7000,75.88,39.70,30.81,56.45,38.83,30.79,649.94,370.88
2024-07-05T07:30:00,209.42,187.79,1002.28,41.98,29.73,1.69,1.69,519.9495,0.2327,35.7917,76.44,40.00,31.13,57.02,38.82,30.82,648.18,369.92
2024-07-05T07:40:00,212.01,190.15,1002.22,41.95,29.77,1.82,1.82,520.4559,0.2330,35.8750,76.69,40.14,31.32,57.36,38.76,30.87,649.77,370.89
2024-07-05T07:50:00,213.77,191.74,1002.16,41.93,29.78,1.72,1.72,522.8625,0.2341,35.9250,76.22,39.90,30.65,56.12,38.75,30.89,645.77,368.64
2024-07-05T08:00:00,219.02,196.46,1002.18,41.94,29.80,1.67,1.67,523.4949,0.2344,35.9667,77.73,40.68,30.96,56.70,38.72,30.92,656.54,374.81
2024-07-05T08:10:00,226.41,203.11,1002.15,41.91,29.82,1.79,1.79,525.5973,0.2354,35.9917,77.21,40.42,30.68,56.17,38.69,30.95,661.28,377.55
2024-07-05T08:20:00,227.54,204.15,1002.13,41.86,29.85,1.73,1.73,527.6919,0.2363,36.0000,77.50,40.58,30.47,55.79,38.62,31.00,659.45,376.56
2024-07-05T08:30:00,233.26,209.29,1002.21,41.81,29.89,1.73,1.73,529.4035,0.2371,36.0000,76.90,40.26,31.01,56.77,38.55,31.05,652.16,372.41
2024-07-05T08:40:00,235.69,211.48,1002.23,41.78,29.91,1.49,1.49,530.6398,0.2377,36.0000,71.03,37.19,31.26,57.22,38.53,31.07,651.90,372.27
